id,id_processed,label_manual
Mohon Ada Langsung Nama Anak ,,
Untuk materi pembelajran PAT mohon didkan,,
Detil semua ada di Quintal tetapi lebih sulit pengunaanya dibanding dengan Classroom,,
"Tambahkan fitur agenda harian, kalau anak tertinggal agendanya, harus tanya dulu ke ortu lain, terkadang ada agenda spesifik khusus untuk anak saya + pengumuman dari sekolah yang terlewat kalau agenda fisik tertinggal oleh anak.

Lalu tambahkan juga fitur untuk komunikasi dengan wali kelas atau dengan guru bersangkutan, ada kasus dimana guru upload materi untuk tugas baru, tapi guru lupa/tidak post tugasnya ke siswa, jadi siswa dan ortu bingung harus kirim kemana hasilnya, nektok sama wali ortu tetap saja jawabannya membingungkan dan tidak efektif dari segitu waktu.

Guru harusnya diberi fitur reminder untuk upload materi jika kelas di hari yang sama sudah selesai diajarkan, banyak sekali guru yang baru upload materi saat akan ada ujian saja, bahkan kebanyakan guru tidak upload materi sama sekali, harus diremind dulu dari ortu melalui wali kelas, nektok lagi lama deh, sangat gak efektif.",,
Harusnya lebih update. Sampai PR dan dll disitu semua. Untuk saat ini blm keliatan banget gunanyq quintal,,
Cara mengupload tugas masih sulit,,
Lebih dipermudah untuk penggunaannya??,,
Tidak dimengerti,,
utk quintal anak..ada beberapa materi yang tidak bisa di buka.sehingga harus buka dari aplikasi quintal orang tua.,,
"Agar semua kalender akademik tahunan, jadwal semua PH dan PAS ditaro di quintal.",,
Yg terbaik aja ,,
Sy ga ngerti pake quintalnya. ,,
Agak susah dlm mengupload jawaban tugas dlm btk video dll,,
"Saya lupa pasword, saat ingin mencoba reset tidak ada pilihan forgot pasword",,
Lebih sering terupdate,,
"Materi tidak update, hny update saat mau ujian/quiz. Kalo waktu gclass, lbh update tiap minggu. Begitu pula dg nilai kurang update. Kalender kdg tdk update. Semoga ke depan bs lebih baik.",,
"Sudah bagus sejauh ini , bila ada foto2 anak - anak seperti excur / kyk kemarin buat pizza boleh diupdate disana Laoshi ??",,
Lebih detail lagi,,
Nilai2 ulangan mohon selalu di update. ,,
"Mohon lebih update dalam informasi mengenai materi pembelajaran, dan nilai.  tapi overall sudah sangat membantu. terima kasih..",,
Harus lebih banyak info lagi mengenai nilai anak,,
Dapat menambahkan PR movie mandarin seperti Google Classroom,,
Jarang di update sm guru nya,,
Mohon di berikan petunjuk untuk mengumpulkan homework di kemudian hari ,,
Nilai dan materi lebih cepat di update. Agenda harian anak dapat di lihat juga di quintal. ada fitur chat dengan guru di quintal.,,
Semoga dengan adanya Quintal tidak mengesampingkan komunikasi konvensional (kesediaan bertatap muka) antara sekolah dengan orang tua murid.,,
Ada popup notifikasi di HP jika ada materi/pengumuman baru. ,,
nilai anak tolong di update..harus nya ada fasiitas utk liat nilai kan tp sy liat jarang diupdate..,,
"Berikan opsi delete dan edit untuk info yang diinput baik request absen maupun announcement dari guru. Guru juga kadang memberi info, jika ada salah jadi harus post berulang padahal bisa tinggal edit atau delete saja ga usa post berulang2. Kadang input request ijin juga salah tanggal tidak bisa delete, mau menambah info juga tidak bisa edit. Ini fitur yang super penting dan wajib ada menurut saya.",,
"Jarang ada materi yg di posting, kalaupun ada sering kali harus men download ulang setelah sekian waktu tidak dibuka.",,
Untuk pr dan jadwal ujian masih belum terlalu diaplikasikan ke quintal,,
"Jika ada update ga akan terlihat jelas, tidak ada to do list utk tugas siswa, sudah atau blm hrs cek sendiri atau sy kurang paham pakai nya?",,
Semoga kedepanya agenda dan info2 penting lebih cepat terupdate,,
"susah, enakan google classroom",,
Upload tugas video di quintal susah,,
"Menurut saya, aplikasinya sudah ok, tapi guru2 tidak update informasinya secara real time dari quintal. Masih ada agenda fisik dan agenda lewat WAG. Jadi penggunaan belum maksimal. Nilai dan materi juga tidak semua langsung masuk di quintal. Apa karena ini masih transisi? Tapi akhirnya menurut saya, Quintal jadi belum reliable untuk saat ini. ",,
Ada popup notif jika ada materi / pengumuman baru,,
"Lebih di rapikan lagi, spt penilaian ademics hanya bbrp mapel aja yg dimasukin shg mempengaruhi strongest subject nya. Thks.",,
"Kalau boleh , pengen diupdate lagi tentang agenda sehari hari , karena terkadang tulisan anak suka tidak jelas tenang informasi yg ditulis pada agenda sehari hari .. dan update materi pembelajaran lebih lengkap lagi , thank you … ",,
Update nilainya tdk real time,,
"Mau izin melalui quintal,saya masih kesulitan",,
Materi lama tidak muncul,,
"Lebih di update nilai dan informasinya, adakan chat live dengan guru",,
Sebaiknya untuk notifikasi dari Quintal dapat di emailkan juga ke alamat email orang tua,,
Mohon di berikan petunjuk untuk mengirimkan homework di aplikasi ini. Karena google classroom  lebih mudah di akses untuk anak-anak dan pengiriman project yang di berikan. Bila quintal pengiriman project seperti pengalaman beberapa hari lalu banyak anak-anak maupun orang tua masih belum mengerti.,,
Respon waktu minta izin sakit di aplikasi bisa lebih cepat,,
Tolong untuk bagian galeri di isi dengan dokumentasi foto anak-anak. Jadi kami selaku orang tua setidaknya punya kenang-kenangan untuk di simpan. Terima kasih ,,
"Kadang tidau terupdate, sampai bahan ulangan jg suka tidak muncul",,
"Karena saya punya 2 anak, dan ternyata ada perbedaan view Anak dan Ortu, ini sangat sangat menyulitkan bagi saya dan UX yg cukup buruk bagi apps yg harusnya memiliki potensi cukup baik. Dan untuk mengingat user dan password itu sangat susah ya, kalau bisa user session nya persistent saja atau ya incorporated dengan biometric access di hp saja (face id atau fingerprint)",,
"Hal yang sering terlewat buat saya adalah announcement, karena selalu langsung mengecek materi, berbeda dengan gclassroom biasanya postingan terbaru akan muncul paling atas sehingga jarang terlewatkan. Mungkin kedepan untuk info penting muncul notifikasi langsung saat membuka aplikasi quintal. Terima kasih.",,
"Apabila ada tugas yg baru / belum dikerjakan mungkin bisa diberi bold / penanda. Dan saya ada 2 anak, pengumumannya membaur.kalo bisa ada sub item per mata pelajaran , jadi lebih mudah dalam pencarian. ",,
Semoga bisa lebih mempermudah,,
Saya berharap kembali ke Google Classroom ,,
Kalau bisa agenda juga di update di quintal,,
"Saya mempunyai 2 masukan selama menggunakan app Quintal. 1. Anak saya ada 2, yg 1 SMP & 1 SD. Wkt sy buka yg SD, informasi dr SMP masuk ke yg SD. Begitupun sebaliknya. Sy buka yg SMP, informasi SD msk di SMP. Jd informasi SD & SMP muncul bebarengan di notifikasi. 2. Setiap material mapel yg ingin dibuka, hrs di download dl kan. Slsi di download, pdf br bs terbaca & dibuka. Kadang2, begitu sy ingin membuka material yg sdh sy download itu, kdg2 tdk bs dibuka. Jd terpaksa hrs download ulang & br bs terbaca & dibuka. Saya lbh setuju menggunakan app GCR drpd app Quintal. Terrma kasih. ",,
"untuk masuk ke dalam quintalnya kadang2 suka error padahal akun dan pw sudah benar. untuk materi, tulisan di pdf nya terlalu kecil",,
Mungkin masih baru ya jadi data msh blm lengkap up date semua ..semoga ke depannya lbh bagus lagi ..tq,,
Saya berharap bisa kembali menggunakan Google Classroom,,
Sulit digunakan karena membutuhkan wifi yang stabil. Di HP / tablet terlalu sering muncul notifikasi yang sudah terlewat sehingga nilai anak yang baru sering tidak muncul & notifikasi baru tertimpa-timpa. Mohon diperbaiki kembali sistemnya jika mau dipakai seterusnya,,
"Agar di masukan agenda setiap hari nya, tanpa harus melihat di buku agenda seperti di google classroom dulu ",,
Mohon lebih update untuk materi pelajaran. Materi pelajaran sering tidak update,,
Agar lebih uptodate lagi dalam informasi nilai dan materi pelajaran siswa agar siswa dpt cepat ke review pelajaran apabila materi pelajaran cepat ter upload di Quintal   Karena sangat membantu siswa dalam belajar,,
Ada nilai siswa yg tidak masuk kequintal semua Untuk nilai math yg menggunakan nossphare tolong dimasukin jg ke quintal. Nilai siswa lama baru muncul diquintal tolong dipercepat.,,
Notifikasi harus sering muncul jadi tau info2 terbaru. ,,
Jika memungkinkan ada update informasi juga di quintal sesuai yg tertera di kertas pengumuman yg dibagikan di kelas apabila ada perubahan jadwal atau egiatan,,
Kalau bisa setiap minggu ada informasi pwmbelajaran  materi setiap mata pelajaran di kelas.terimakasih,,
"Agak kesulitan, krn tdk ada Agenda siswa utk per harinya, Agenda online akan sangat membantu terutama utk ortu yg bekerja, sehingga ortu bisa cek utk tugas / kegiatan siswa utk keesokan harinya. Terima kasih",,
"Jika sudah muncul notifikasi di HP bahwa ada hal baru, mohon jika di-klik, langsung masuk ke menu sesuai notifikasi, jangan ke layar menu utama.",,
Kurang lengkap ,,
Data nilai ulangan updatenya dipercepat supaya orang tua dapat lebih memantau cara belajar anak,,
"Alangkah baiknya untuk setiap mata pelajaran bisa diberikan nilai rata2, terimakasih.",,
"Utk announcement jika sudah lewat bulan berjalan, sebaiknya bisa di hide / dihapus supaya tidak menumpuk terlalu banyak.

student history nya tidak ada data, apakah diinput oleh wali kelas?

Galery tidak ada data

attendance tidak ada data",,
Semakin ditingkatkan ,,
Lebih cepat dperbarui untuk info2 nya,,
Sulit utk akses tingkatkan lagi ,,
Mohon lebih cepat dalam pengupdate-an nilai siswa dan pemberian materi pembelajaran.,,
mohon data lama jangan dihilangkan,,
Semoga kedepannya Quintal infonya lebih lengkap seperti gc,,
Sering diminta verifikasi ulang,,
Tidak sering re download materi.,,
Tidak semua guru aktif memberikan materi dan memasukan nilai di quintal sehingga membuat saya jarang dan enggan membuka quintal,,
"Bagi saya sejauh ini aplikasi Quintal sudah ok, Krn saya juga tidak begitu sering buka aplikasi nya..",,
"Kl bisa agenda harian di kelas  juga dimasukkan ke quintal, laoshi. Kemudian, info nilai mungkin bisa lbh di update. ",,
Lebih enak pakai GC. Agenda harian anak jiga tertera dgn lengkap di GC..,,
Lebih mudah menggunakan Google classroom.. ,,
"Jika muncul notifikasi di HP bahwa ada info baru, mohon jika notifikasi di-klik, langsung masuk ke menu informasi sesuai notifikasi, jangan hanya muncul ke halaman utama.",,
Update perihal nilai lebih cepat.. mungkin tanggapan atau masukkan dari guru kepada siswa siswi bisa dimasukkan juga dalam quintal.,,
Supaya ke depannya lbh sering diinput rangkuman materi pelajaran agar memudahkan anak untuk belajar.,,
"mohon lebih di gunakan lebih maximal aja ya, karena masih ada bbrp mapel yg tidak pernah submit ya. thanks",,
"Materi pembelajaran sangat lama dikirim, kadang ada test esok hari sore hari sehari sebelumnya baru dikirim kadang tidak dikirim juga pernah,padahal saya mengandalkan me gajar anak dari sana selain anak sdh belajar dari sekolah.tidak bisa berkomunikasi lsg dengan guru juga susah kalau ada yg mau ditanyakan..",,
Masih belum lengkap materi dll dan responnya,,
Update perihal nilai lebih cepat.. mungkin tanggapan atau masukkan dari guru kepada siswa siswi bisa dimasukkan juga dalam quintal.,,
Harap para guru guru mengupdate nilai siswa dan materi di quintal secara berkala.. karena saya melihat nilai dan materi yang dicantumkan hanya sebagian saja. Terima kasih,,
Sangat tidak suka aplikasi quintal.. kalau bisa balik ke googleclassroom.. Thank,,
"informasi di quintal bbrp kali tdk akurat, contoh, hari ini kls 1 libur, tp informasi nya ada upacara bendera",,
"Aplikasi so far cukup ok, hanya saja tidak semua guru aktif dalam memberikan materi dalam bentuk ppt ataupun pdf di quintal.
Display materials di quintal, jika bisa dikelompokkan per mata pelajaran seperti waktu penggunaan GCR ( misalkan ada folder khusus pelajaran IPA, folder khusus pelajaran B Indo).. lebih nyaman dan memudahkan siswa..",,
Semoga ke depan nya aplikasi quintal menyediakan informasi yg lebih lengkap ,,
Sudah bagus kalau perlu ditambah fitur lainnya biar tambah komplit. Materi pelajaran suka tidak dikirim suka mepet baru dikirim menyulitkan saya utk mengajari anak,,
Nilai tolong selalu diupdate . Makasi,,
"Untuk materi pembelajaran harap lebih update , karena sering kali bahan ajar blm ada di quintal sedangkan anak sdh ada ujian atau quiz. Karena materi ini membantu orangtua untuk mengajarkan anak",,
Mohon diperbarui kembali untuk isi materi² atau info² lainnya sehingga lebih mudah untuk diakses terima kasih??,,
Lebih ribet kalo upload tugas,,
Saya lpikir google class room lebih mudah dipahami. Bahkan anaknya sendiri malas memeriksa quintal,,
Mohon diperbarui kembali untuk isi materi² atau info² lainnya sehingga lebih mudah untuk diakses terima kasih??,,
Lebih enak GC. Agenda dan materi pelajaran smua lebih mudah diakses,,
"Belum memaksimalkan penggunaan Quintal, nilai anak tidak dapat terlihat/tidak tercantum semuanya. Diharapkan aplikasi Quintal akan lebih baik lagi nantinya.",,
"Apkikasi bagus, tp sayang user nya ga update, materi sering mepet diberikan, kadang sampai telat bahkan dr waktu tes, nilai juga ga langsung diinput. Harus nya diberi jg keterangan pada saat masukin nilai itu tes lesson berapa",,
Tulisannya supaya di oerbesar,,
Dibuat seperti GC. Lebih informatif dan lebih mudah digunakan,,
Materi pembelajaran kadang  gagal download. Nilai anak tidak update. Notifikasi numpuk kalau banyak,,
"Saya lebih suka untuk info sekolah melalui gclassroom karna terhubung dengan email, 

Karena kekurangan quintal suka log out dengan sendirinya, saya harus buka kembali baru mendapat notifikasi... 

Kelebihan kuintal, mendownload materi pembelajaran lebih mudah dibanding gclassroom",,
Sistem diperbaiki,,
"Lebih user friendly, terutama akses ke tugas2 anak.",,
Susah untuk cek materi2 pembelajaran,,
Smoga semua jadwal kegiatan anak sll update,,
ada reminder/notif jika ada tugas yang sudah mau due date,,
Lbh ditingkatkan lagi. Kadang suka eror,,
"Material pelajaran tidak bisa dibuka di banyak tab laptop. Misal pelajaran ipa, ada beberapa file, hanya bisa dibuka satu per satu. Kalau mau buka semua file harus masuk ulang ke aplikasi. Jadi tidak praktis. Kl di google classroom, file bs lgs dibuka di bbrp tab, jd saat belajar bs lgs klik tab yg sdh dibuka. 

Tidak semua nilai kuis atau ulangan tercantum di quintal, hanya beberapa saja. ",,
LEBIH UPDATE LAGI UNTUK NILAI & APA YANG HARUS DIBAWA UNTUK BESOK NYA,,
Moga lbh bnynk membantu,,
"Sudah cukup baik, semoga menu-nya lebih informatif dan friendly untuk anak-anak",,
mengikuti features dan kemudahan seperti Google Classroom ,,
"Untuk nilai yang di upload diquintal kadang ada mata pelajaran yang di remedial, mau pastikan apakah nilai remedial ada di upload disana. Soalnya saya perhatikan nilai yang di remedial nga di update.",,
LEBIH UPDATE LAGI UNTUK NILAI & APA YANG HARUS DIBAWA UNTUK BESOK NYA,,
"Jika dibandingkan Google Classroom.. menu yang tidak ada di quintal adalah untuk meng-upload tugas. jadi untuk tugas scr online.. harus kembali lagi menggunakan Google classroom.

untuk kelas 6 ini, announcement yang di berikan krg informatif.
saya juga memiliki anak yg bersekolah di jenjang SD 3..
untuk jenjang SD 3 sangat baik dlm me-renminder kegiatan siswa selama seminggu kedepan.
Untuk kelas 6, pdahal byk jadwal2nya...
tapi tidak terupdate di Quintal.
buat next.. mungkin bisa lbh diperhatikan.",,
Saya kurang paham file2 yang di download simpan dimana? Karena file mp4 kadang kita akan share bingung ada dimana file nya. Trims,,
Susah mengakses tdk bs digunakan di bbrp hp,,
Mending google class room ,,
mengikuti features dan kemudahan seperti Google Classroom,,
"Materi pelajaran yg sudah disimpan di aplikasi hendaklah jangan sampai hilang. Pernah kejadian, saat dicari lagi materi tsb sudah hilang (kami lupa materi pelajaran apa), untung saja ada grup ortu dimana ada ortu yg sudah menyimpan materi itu dan menshare ke kami lagi.",,
Update materi tidak setiap hari seperti di Google Classroom sebelumnya. Dan Update nilai juga memakan waktu cukup lama.,,
Informasi yang terdapat di Quintal sangat terbatas,,
"1. Sebaiknya ada latihan soal untuk setiap ukd atau Pat seperti di google classroom.
2. Materi pelajaran yg kurang lengkap seperti pelajaran agama biasanya ada materi per bab di google classroom. 
3. Adanya chat antara guru dan ortu murid. ",,
Tolong kalo mengunduhnya itu jgn susah.sering x setipa mau liat materi utk anak pelajari tdk bisa di unduh,,
Tetap dipertahankan karena membantu mengetahui perkembangan siswa,,
"Tampilan nya kurang menarik dibanding GC,
Jika punya ank lbh dr 1 agak ribet log in log out,
Pembagian menu untuk materi dan nilai tidak dipisah jd agak ribet.",,
"Lebih di update lg untuk nilai2 anak, dan perbandingan dengan google classroom, jadwal pat yg lengkap, dll nya, kecepatan dlm mengupdate seputar anak",,
"1. Ada bagian di mana ortu bisa komunikasi dengan guru. Contoh: absensi, guru bisa memberi feedback bahwa info yg ortu berikan sudah diterima.
2. Nilai bisa diberi info tambahan itu nilai untuk UKD/quiz bab berapa, tugas itu untuk tugas/ project yang mana, agar lebih jelas.",,
Lebih cepat update nilai2 anak,,
"1. Ada bagian di mana ortu bisa komunikasi dengan guru. Contoh: absensi, guru bisa memberi feedback bahwa info yg ortu berikan sudah diterima.
2. Nilai bisa diberi info tambahan itu nilai untuk UKD/quiz bab berapa, tugas itu untuk tugas/ project yang mana, agar lebih jelas.",,
bagian nilai K 3& K4 belum digunakan sepenuhnya utk semua subjects,,
Lebih di tingkatkan lagi,,
Tidak bisa komen banyak dikarenakan tidak pernah akses,,
"Quintal ini informasi nilainya sering terlambat, tidak ada lampiran tentang kertas quiiz, yang tidak bisa liat mana yang salah",,
Belum semua informasi diinfokan melalui quintal.,,
"Untuk agenda siswa bisa di tambahkan, jd untuk barang yg harus di bawa siswa atau informasi di kelas bisa kita lihat di quintal seperti di classroom 
",,
Nilai diupload beserta attachment lembaran hasilnya.,,
Di pertahankan,,
Masih agak bingung dalam melihat kolom aplikas,,
Tolong kl ada nilai ulangan atau test  diisi ,,
"1.Saran saya perlunya sosialisai terhadap siswa/i pahoa karena kebanyakan anak-anak masih kurang menggunakan quintal karena masih banyak yang belum dipahami. 2 Materi,nilai dan pengumuman updatenya suka terlambat.  3.Ada baiknya agenda dicantumkan di Quintal karena terkadang anak2 suka tidak lengkap menuliskan agenda trims",,
"Kalau bisa jika sudah login tidak perlu ada masa kadaluarsanya, jadi tidak ter log oug sendiri",,
Lebih ditingkatkan visual nya supaya lebih ramah pengguna,,
Informasi lebih cepat di update,,
Belum up to date sehingga belum diketahui nilai anak2 ketika selesai kuis atau ulangan,,
Update informasi lebih dipercepat,,
Kalau bisa jangan ada masa kadaluarsanya biar tidak usah login lg,,
"Quintal saat ini tdk bs digunakan utk berkomunikasi dengan guru yang bersangkutan, alan lebih baik jika di tambahkan kolom pesan, supaya memudahakan ortu untuk berkominikasi dengan guru ",,
"Perlu ditambahkan informasi di Quintal untuk jadwal Test harian, Ulangan harian dan home work sehingga orang tua bisa memantau dan membantu/mengingatkan siswa untuk belajar. ",,
"Sebaiknya segera update nilai, ataupun materi pelajaran yg sudah didapat",,
"Mayoritas nlai masuk sblm akhir semester, jadi yah hanya selisih beberapa minggu sblm mendapatkan hasil di rapot. Nilai yg masuk tersusun berdasarkan tanggal penilaian bukan berdasarkan kapan nilai di posting. Jadi kalau nilainya baru terpost tp ulangannya 3 bulan lalu, di aplikasi munculnya di bawah. 
Informasi di aplikasi cukup lengkap tp pemakaian kurang friendly apalagi bagi ortu yg memiliki 2 anak atau lebih  announcement bisa rancu antara anak 1 atau anak 2. Saya pribadi lebih suka GC  karena semua quiz atau test menggunakan Gform bisa diakses kembali sebagai materi pembelajaran dikemudian hari dan ortu juga bisa melihat bilamana tugas sudah selesai ontime atau telat atau missed. Setiap GC kirim notif, maka saat click notif tsb  langsung ditujukan pada info terkait sedangkan dengan quintal hanya membuka halaman depan saja..kelebihan quintal hanya di absen (yg bisa dilakukan langsung via email) atau di jadwal kelas.",,
"Supaya guru pun aktif mengupdate materi, nilai dll. Krn sptnya cm bbrp guru yg komit update. ",,
"Lebih diupdate isinya, untuk aplikasi nya sendiri tdk ada masalah",,
"Supaya seluruh guru juga rajin update, slama ini bbrp guru yg rutin update",,
"Sudah cukup bagus, tingkatkan lg",,
Trus kembangan agar semakin lebih baik lagi,,
Saya rasa Quintal tidak memberikan nilai tambah apapun. ,,
"Mayoritas nlai masuk sblm akhir semester, jadi yah hanya selisih beberapa minggu sblm mendapatkan hasil di rapot. Nilai yg masuk tersusun berdasarkan tanggal penilaian bukan berdasarkan kapan nilai di posting. Jadi kalau nilainya baru terpost tp ulangannya 3 bulan lalu, di aplikasi munculnya di bawah. 
Informasi di aplikasi cukup lengkap tp pemakaian kurang friendly apalagi bagi ortu yg memiliki 2 anak atau lebih  announcement bisa rancu antara anak 1 atau anak 2. Saya pribadi lebih suka GC  karena semua quiz atau test menggunakan Gform bisa diakses kembali sebagai materi pembelajaran dikemudian hari dan ortu juga bisa melihat bilamana tugas sudah selesai ontime atau telat atau missed. Setiap GC kirim notif, maka saat click notif tsb  langsung ditujukan pada info terkait sedangkan dengan quintal hanya membuka halaman depan saja..kelebihan quintal hanya di absen (yg bisa dilakukan langsung via email) atau di jadwal kelas. Apa fungsinya punya akses murid dan akses ortu bilamana siswa kelas 1 masih belum bisa menggunakan applikadi tsb?",,
Supaya di tingkat LG ,,
"Tolong dipermudah dalam upload2 dan melakukan ijin sekolah,karna ls nya pun masih terpecah 2 dalam kasih materi dan tugas,masih ada yg menggunakan gc. Dan saya merasa lebih mudah menggunakan gc dibandingkan quintal ini. Quintal saya (org tua)tidak pernah saya gunakan,pas kemarin saya mau buka,dibilang nya sdh tdk aktif,jd saya hanya bisa buka yg punya anak saja.",,
Tolong diupload foto anak2 saat berkegiatan di sekolah pd galeri quintal,,
"Quintal sudah ok, tinggal update nilainya aja yg belum rajin,  karena so far kurang update nilai jadi ga bisa lihat kelebihan dan kekurangan anak dimana, buat bahan evaluasi anak ",,
Boleh di percepat untuk update nilai anak. Terima kasih.,,
Semoga makin update dan pertahanan ,,
Boleh di percepat untuk update nilai anak. Terima kasih.,,
"systemnya kurang user friendly. dan data yang di submit ke quintal kurang update (tidak seperti saat menggunakan GC). pada awalnya saya cukup senang krn berharap dgn quintal ini bisa membantu saya utk update nilai hasil ulangan/tugas anak. namun beberapa kali saya coba cek/lihat ke quintal, ternyata informasi yg tersedia tidak update.",,
Silahkan dilanjutkan,,
Sekalian diupload foto anak2 saat berkegiatan di sekolah ??,,
Terus tingkatkan pengembangan aplikasi quintal ini spy anak dan orang tua dapat menggunakan dan mendapatkan informasi yg lebih baik lagi. Terima kasih,,
Kalo bs satu email aja anak n ortu ,,
"untuk materi pelajaran, saya sudah buka file lwt hp (centang). tetapi saat saya mengecek lwt website/laptop, materi tsb masih blm dibuka (blm centang). saya harus download file yg sama berulang kali. Apakah bisa dibuat sama, saat file sudah dibuka di hp, otomatis sama jg saat buka di laptop? contoh : spt email. kalo saya uda buka email lwt hp, saya cek lwt laptop pun sama sudah dibuka juga. demikian saran saya. terima kasih. ",,
Supaya up date pengumumannya,,
Lebih mudah,,
Saya lebih suka google classroom drpd quintal karena saya hanya buka nya melalui hp jadi aga sedikit kurang paham.. klo di google classroom mau download material nya mudah,,
"Tidak user friendly, informasi yang dibutuhkan tidak terpenuhi, tidak ada pemberitahuan spt pop up msg sehingga harus bolak balik login. Isi informasi ortu dengan anak berbeda (terutama materi pelajaran, byk tdk ada/tdk bs diakses diakun ortu, hrs diakun anak) ",,
"nilai sering telat di upload. 
materi sering lupa di upload oleh guru
pengumuman jarang di upload, lebih sering lewat agenda siswa
galery tidak ada isinya
academic calender tidak update",,
Kebanyakan anak yg pakai quintal. Sy jarang liat,,
"Tidak user friendly, informasi yang dibutuhkan tidak terpenuhi, tidak ada pemberitahuan spt pop up msg sehingga harus bolak balik login. Isi informasi ortu dengan anak berbeda (terutama materi pelajaran, byk tdk ada/tdk bs diakses diakun ortu, hrs diakun anak) ",,
Semoga tidak sering error.,,
Aplikasi bisa lebih user friendly terkait informasi yang diberikan.,,
Belum sepenuhnya menggunakan jadi masih kurang paham,,
Info nilai & materi tdk lengkap. Cara komunikasi dengan guru jg susah. Tidak semudah mengakses GC,,
"- Materi pelajaran kalau bisa tidak harus download. Ada materi yg tidak bisa terbuka setelah didownload.
- Mungkin bisa dibuat notifikasi pop up di HP jika ada materi baru yg diposting.
- Jadwal kuis, UKD, PAS kalau bisa juga dimasukkan ke Quintal.
- Kebutuhan barang utk ekskul yang harus dibawa juga sebaiknya dishare di Quintal.
",,
"apabila memungkinkan ditambahkan fitur chat online dengan guru walikelasnya, untuk orang tua yang hendak berdiskusi mengenai anak.",,
"Nilai dr quiz ataupun project telat update, ",,
google classroom lebih gampang utk di access dan lihat dll. ,,
Googleclassroom lbh mudah digunakan,,
Update nilai siswa belum semuanya ada di quintal. Sebaiknya semua nilai terupdate. Materi pembelajaran sering diberikan di waktu yang sudah mepet dengan waktu ujian. Sebaiknya materi pembelajaran diberikan jauh- jauh hari agar siswa bisa belajar dengan baik. ,,
"Buat saya Quintal bahan materi pelajaran hanya beberapa guru saja yg update materinya, dan 
buat ortu yg sibuk, di Quintal tdk ada agenda harian, jd agendanya apa besok/jadwal PAT dan bahan²nya tdk bisa liat di Quintal...sedangkan waktu di GC itu semua bisa diliat",,
Materi pelajaran utk anak saya yg kelas 1 pernah hilang dari sistem. Jadi perlu pengembangan lagi utk membuat yg sudah pernah disimpan agar jangan hilang minimal utk 1 tahun ajaran agar tetap bisa diakses selama tahun berjalan,,
Lebih informatif lagi,,
"Sudah bagus,pertahankan",,
Tidak update scr spesifik.,,
untuk download materi dan notifikasi  lewat aplikasi kurang user friendly,,
"Untuk Jadwal mohon selalu diperbaharui jika ada perubahan. Karena sekarang masih jadwal yang lama, dimana jadwal US tanggal 8 Mei. Selebihnya sudah baik menurut saya. Terima kasih.",,
Bisa seperti GCR,,
Sangat membantu orangtua ,,
Informasi diberikan lebih lengkap,,
1. notification anak satu dengan lainnya jangan dicampur campur. 2. seringkali dari notifikasi diklik tapi tidak langsung terbuka masuk ke apps. ,,
"Quintal kurang memberikan informasi update setiap harinya seperti google clasroom sebelumnya, sehingga jarang digunakan.",,
untuk nilai yang masi belum diisi guru. jangan di kategorikan dalam weak. terimakasih,,
"Boleh tolong agenda juga disampaikan di Quintal karena akan membantu untuk anak dengan orangtua bekerja, anak yg ijin sakit, terima kasih",,
Mengirim file untuk tugas dibuat lebih mudah. File size di quintal lbh besar,,
"Informasinya kurang informatif, spt quiz dsb nya tidak diinfokan. Lalu nilai yang diinput berbondong2 bukan saat selesai ujian, sehingga menyulitkan untuk mengetahui nilai ini adalah nilai apa ( ukd ke 1 atau nilai quiz kah)
Kemudian agenda harian jg sdh tidak diinfokan ( lbh baik saat masih memakai google classroom)
Mohon diperhatikan kembali untuk kedepannya",,
"Mohon nama anak sy segera dimasukan ke akun sy, untk agenda jg bs dimasukan atau email perihal agenda",,
Lebih mudah memakai google class room,,
Menurut saya sudah lebih dari cukup ,,
Nilai ulangan lebih sering diupdate ke Quintal,,
"Nilai nilai quiz, ukd dan project hendak nya di update ontime",,
Tidak semua mata pelajaran nilai ujian di lampirkan dan materi yang di berikan pun tidak lengkap serta kurang informasi agenda kegiatan. Di harap untuk kedepannya bisa lebih lengkap.,,
Msh perlu dilengkapi semua,,
Lebih efektif google classroom,,
"Untuk materi pelajaran agar selalu di update, untuk nilai anak harap disertakan attachment karena orang tua hanya bisa melihat nilainya sedangkan attachmentnya selalu kosong dan untuk pengumuman sekolah tolong lebih update lagi, terima kasih",,
kl bs ada wadah buat chat yg urgent ke laoshi.kl email agak susah direspon ya ,,
"Untuk materi pelajaran agar selalu di update, untuk nilai anak harap disertakan attachment karena orang tua hanya bisa melihat nilainya sedangkan attachmentnya selalu kosong dan untuk pengumuman sekolah tolong lebih update lagi, terima kasih.",,
Platformnya agak ribet mgkn bisa diberikan lebih simple dan fungsional,,
Nilai siswa tidak update. Lebih sering kertas ulangan sudah dibagikan beberapa waktu tetapi nilai di quintal blm masuk. ,,
Tolong minta lebih di perhatikan lagi untuk pengiriman materi pelajaran ,,
"ribet, lebih mudah waktu dengan GC",,
Lampiran file terkadang tidak bisa dibuka menggunakan laptop (web bukan aplikasi),,
"Tingkatkan pembaharuan info data  siswa (akademik maupun non akademik) spt foto dan video aktifitas kegiatan di kelas ataupun acara2 upacara dan sejenisnya. Tentu saja dengan meningkatkan keperdulian juru foto atau sjenis untuk mengambil angle dan ide klik foto paparazi yang menyenangkan (mungkin bisa dengan krja sama dengan tugas club fotografi siswa). Good idea, right? Thanks",,
"Mohon agar materi penbelajaran lebih cepat dipost, jangan menunggu sampai mendekati test. Jadi jika ada waktu anak2 bisa review ",,
"Tingkatkan pembaharuan data (akademis dan non akademis) siswa dan kegiatan2 khusus yg dilakukan dalam lingkungan sekolah, spt upacara, pembelajaran gerak di kelas, kegiatan makan, extrakurikuler dll.(foto dan video) Bs dilakukan dgn krja sama dgn klub fotografi siswa terkait sbagai tugas extrakurikuler yg berarti menambah banyak ide n kreatifitas lainnya. ",,
"Beda sekali dengan aplikasi Google meet yg penggunaannya mudah utk melihat tugas, tugas yg missing, tugas yg sdh selesai beserta nilai. Mudah melihat bahan materi dsb. Aplikasi quintal terasa sangat kaku dan tidak banyak yg bisa ortu lihat, kelebihannya  hanya utk melihat jadwal pelajaran & ijin ketidakhadiran/sakit selebihnya  sangat terbatas. Saran saya tetap menggunakan google meet seperti sebelumnya ",,
"Terkadang ada list apps under strongest n weakest tp ketika di klik kosong. Tdk ada informasi apapun.
Tidak ada fasilitas untuk dapat bertanya / chat ke guru seperti pada google meet yang pernah digunakan sebelumnya.",,
"Quintal sebuah sistem yang sangat bagus,tetapi apabila pemanfaatannya tidak maksimal dan di dukung oleh sumber daya yang optimal dalam pemakaiannya maka kelebihan dari sistem ini tidak dapat di nikmati,saran agar semua sumber daya yang terkait dengan sistem ini bisa optimal mengoperasikannya,dan mempunyai keseragaman dalam pemanfaatan sistem ini,karena sampai saat ini belum semua pihak terkait memanfaatkan sistem pembelajaran dengan quintal.mohon agar semua menu dalam quintal ini dapat di isi sesuai dengan fungsinya.",,
"Penugasan sepeti gcr ada due date. Bs monitor sesuai tingkat urgency.
Dalam 1 halam bs liat pelajaran. Ini terlalu banyak klik2.
Jelek lah",,
menurut saya masih lebih bagus google classroom ,,
"Aplikasi nya sdh lumayan bgs dan gampang di prlajari. Cuman utk mata prlajaran yg akan di uji, mohon di upload lbh cepat. Makasi",,
"Saran sy agar aplikasi ini bs lebih mudah digunakan seperti google meet. Selama ini kelebihan quintal hanya melihat jadwal pelajaran & lapor ijin/sakit selebihnya masih lebih informatif google meet dan lebih nyaman dilihat layout halamannya, tidak membuat kita bingung.",,
"1. Mohon di buat lebih mudah seperti Google classroom 
Misal nya info2 PR dan material itu di pisah
Karena sering kali kendala ada PR tapi nyelip di Material, 

Tulisan kata pengantar di bagian material kurang besar 
Jika di zoom malah tidak enak harus geser2
Sebaik nya tampilan dan tulisan nya seperti Google.classroom 

2. Mohon di pisah antar PR dan Material 
Sehingga anak2 tahu mana PR dan Material

3. Mohon ada notifikasi dan duedate jika ada PR seperti di Google classroom.
Lalu ada tampilan attchment jika butuh upload PR berupa video.

4. Kalau bisa ada kolom chat di aplikasi HP jika ingin bertanya dengan guru
Karna tampilan diskusi cuma ada di versi web
Atau ada chat private dan Chat umum

Untuk yang lain nya menurut saya sudah bagus

Terima kasih
??????????",,
Jika ada attachment tidak bisa dibuka.,,
Need to get use of the application. ,,
"Saran saya untuk aplikasi quintal baiknya seluruh materi yang diupload berupa pdf supaya memudahkan didalam mengakses krn kebanyakan anak-anak menggunakan tablet untuk mengaksesnya. 
Selain itu untuk jadwal pelajaran keesokan harinya serta deadline tugas juga baiknya diposting di quintal jd jika agenda tdk ada ataupun krg mencatat dapat dimonitoring.
Terima kasih dan secara overall sudah sangat baik dan sangat membantu untuk aplikasi quintal ini.",,
Galeri masih kosong. ,,
Ada kesulitan mengupload video/ file untuk tugas,,
Lebih sering update materi setelah pelajaran berlangsung di sekolah jadi tidak dekat quiz baru ada materi.,,
"Untuk announcement, harap dipisah tiap siswa (mempunyai akun 2 anak atau lebih). Terima kasih.",,
"untuk akun anak saya kelas 2 tidak lengkap, beda dengan quintal anak saya yg kelas 3",,
"Saya dgn 2 anak di Pahoa, saat sy buka hanya ada 1 anak saja ",,
bisa chat dengan walas agar dipermudah,,
"Di buat lebih simpel dan menarik lagi, server di gedein lagi",,
semoga informasi quintal lebih update lagi.. besar harapan saya ada penjelasan di setiap hasil nilai pembelajaran.. misal siswa A kurang nya dimana.. agar dapat lebih ditingkatkan lagi.. thank you,,
"Menurut saya Quintal bagus tapi lebih bagus Google Classroom karena ada Google doc,,Google Slide dan Google Sheet,yang lebih mudah untuk Attachment tugas kan dulu lagi Zaman online pakai Google Classroom Orangtua sudah lebih terbiasa dan juga digunakan untuk umum,Terima kasih.",,
Sudah terbiasa pake gooogle meet dan lainya jadi suka kurang puas dengan quintal,,
Hrs lebih up to date mengenai jadwal dan nilai yg masuk,,
"Membingungkan. Sblmnya pakai Google classroom, skrg diganti lagi. Sy lebih suka yg dulu. Repot ganti2 aplikasi terus, tdk praktis. Nilai anak dan materi juga tidak update. Guru-guru kurang cepat memberikan materi lewat aplikasi ini.",,
Semoga kedepannya tdk perlu log in lagi,,
Tolong semua data diinput scr real time,,
"Materi akademik yg diberikan masih kurang memadai n lengkap, masih ada beberapa mapel yg tdk ada bahan materi nya sama sekali, padahal uda dekat jadwal ulangan. Minta diberikan semua materi mapel nya agar mempermudah anak utk belajar sendiri di rmh",,
"Materi dan info nya kurang update, mohon lebih di aktif kan lagi dalam hal peng up date an materi dan nilai pelajaran, terima kasih. ",,
"Di bagian galeri smp skrng knp msh kosong,kdng ingin tau ada kegiatan apa di sekolah.",,
bisa lebih ,,
Telalu banyak download,,
Lebih mudah penggunaan google classroom terdahulu,,
Quintal sering tdk bsa d akses dgn keterangan token kadarluasa ataupun salah passw sedangkan sya tdk ngubahny..dan ketika minta utk passw baruny sangat lama krn mesti menunggu dri walikelas sdgkan wali kelas jga hrs menunggu lgi. Smoga next lbh fleksibel...thx ,,
Lebih update lagi dengan nilai anak,,
"Di quintal tidak ada fitur utk pengelompokan materi pelajaran per mapel, sehingga perlu diurut cari manual scrolling ke bawah",,
"- Setiap minggu log out sendiri, ketika mau buka harus masukin user n pasword lagi. 
- Ditambah aplikasi utk berkomunikasi dengan wali kelas…",,
Ada baiknya agenda tiap hari di masukan ke quintal,,
Ada baiknya agenda di masukin ke quintal,,
Google classroom lbh mudah penggunaannya drpd login quintal.  Semoga ada cara lain lbh mudah. ,,
"1. Bila ada materi pelajaran terbaru yg di attach, apakah bs di setting muncul notifikasi?

2. announchment di setting font size yg lbh besar. Karena font size saat ini terlalu kecil.",,
Lebih diperbaiki lagi karena terkadang tiba-tiba aplikasi tidak dapat dibuka. Terima kasih.,,
Lbh mudah diakses,,
"Info nilai quiz atau tes lainnya di update nya supaya lebih cepat, saat ini lama informasi nilai anak di quintal",,
"Mohon ditingkatkan , thx",,
Tidak bisa masuk,,
"Pemakaian google class room jauh lebih informatif, notifikasi quintal tidak jelas,( contoh kalo ada PR tidak ada task yg menandakan harus dikerjakan ( saat di gc ada) ,pengumuman baru lebih banyak diperoleh dari WA group orang tua,kalo cek di quintal tidak updated. 

Agenda harian juga tidak ada di quintal ( to bring dan to do ) ",,
"List nilai yang masuk, lebih baik diurutkan sesuai updated nilai masuknya, sehingga orang tua tidak bingung mencari laporan nilai masuk.
Dan jika bisa dibuatkan folder nilai per mata pelajarannya",,
Sebaiknya aplikasi Quintal menambahkan beberapa fitur baru ,,
Mudah untuk digunakan ,,
Lebih banyak informasi terkait kegiatan anak-anak di sekolah yang berhubungan dengan pelajaran. ,,
"Untuk pengumuman yg diberikan oleh guru, mungkin bisa dilakukan pengeditan, karena sering terjadi revisi pengumuman yg akibatnya membuat kami bingung.",,
"Ke depannya mungkin guru bisa mengedit informasi yg diumumkan, sehingga tidak terjadi revisi pengumuman.",,
Sudah cukup baik quintal dan penggunaan jg mudah,,
"Sejauh ini lebih mudah google clasroom , jadwal pelajar di update setiap hari",,
"Tidak semua materi pelajaran cepat diberikan di quintal, materi diberikan ketika besok ada ujian dan murid tidak bisa nyicil untuk belajar, masih suka sama google classroom krn ada interaksi 2 arah. Kalau boleh saran hybrid pada google classroom diadakan jadi membantu murid yang ketinggalan pelajaran. ",,
Materi yang diberikan lebih lengkap,,
"Sudah baik, sebaiknya ada catatan yg gampang terlihat mengenai PR dan due date seperti google class room yg dipakai dahulu. 
",,
"Masih agak bingung antara materi dan tugas, karena digabung tidak seperti GC. Terima kasih laoshi. ",,
Terus di update perkembangan siswa dalam hal akademik,,
"- Update materi kelamaan dan tidak langsung
- Acara/kegiatan sekolah tak up to date",,
"Aplikasi kurang user friendly,notifikasi kadang tidak sesuai ketika membuka aplikasi quintal.contoh di notifikasi ada update nilai tetapi ketika dibuka nilai yg tercantum adalah nilai dl yg sdh lama ada. Apakah notifikasi telat atau tidak update?",,
"1. materi sering tidak terupdate 
2. Komunikasi hanya 1 arah
3. Terkadang tidak bisa login applikasi",,
"Kalo ada notification bisa muncul notif nya, jadi tahu ada yang update",,
"Saya harap semua guru yang mengajar rutin mengirimkan materi atau bahan pelajaran yg sudah diajarkan setiap hari. Agar dapat membantu org tua dalam mengajarkan kembali materi tsb dirumah. Dulu wkt masih menggunakan Google Classroom semua guru sangat uptodate dalam mengirimkan materi pelajaran setiap hari, NAMUN sejak menggunakan Quintal cuma hanya bbrpa guru saja yg mengupload. Bahkan jika diinfo akan ada Quiz materi bab pelajaran tsb belum ada di Quintal. Knpa berbeda sekali rutinitas update nya dengan yang dulu di Classroom? Mohon agar menjadi perhatian, Terima kasih.",,
"Menurut saya, seharusnya setiap kali membuka materi tidak usah download dahulu. tetapi langsung bisa dibuka materinya tanpa download.",,
"Perlu notifikasi dan untuk kalendernya saat ini masih perlu di-scroll ke hari ini, jadi tidak update di tanggal terbaru. Mungkin bisa di-update sesuai tanggal terbaru agar tidak perlu scroll terus ke tanggal terbaru.",,
"Mohon untuk quintal pahoa tolong selalu di update untuk agenda,jadi kami tau pr jadwal anak2.dan untuk materi pelajaran sellau di up2date.kalo bisa balik lagi aja ke google classrom lebih mudah penggunaan dan lebih jelas dan lebih rapih per subjet untuk info belajar anak2",,
Menurut saya kurang efektif yah pake quintal karna saya cek ga semua materi pelajaran ada di quintal berbeda sekali sm GC. Lebih gampang akses GC ??,,
Lebih suka pake google classroon,,
Semoga lebih update lagi,,
Materi Pelajaran untuk pelajaran tertentu tolong diupload lengkap dan rutin biar siswa bisa review di rumah.,,
"Karena untuk membuka material nya ribet karena harus buka materi klik dulu academic baru pilih tab materi

Untuk bertanya ke guru juga lebih susah.
Materi terupdate atau tidak  kita tidak tahu.sedangkan dengan google pasti notif email ada.

Kalau dengan quintal nilai memang update saat diupload kita bisa tahu kalau sudah ada hasil penilaian.
Pengumuman juga tahu karena ada notifikasinya.
Untuk agenda tidak seperti google bs update ",,
Semoga ke depannya akan lebih baik lagi dan lebih mudah untuk di pahami ,,
lebih komplit dan mudah menggunakan goggle classroom ... setiap hr org tua dapat membaca agenda harian dng lengkap ... qiuntal membingungan dan tidak komplit (apa mgkn tergantung WK msg2 kls jika rajin update input info bs saja komplit tp kls ank sy tdk spt itu mk nya org tua lbh memilih GC krn lbh mudah & lengkap),,
"Sepenglihatan saya tidak semua nilai masuk. kalau untuk SD, cukup berfungsi untuk melihat nilai ataupun materi. kalau untuk TK, blm merasakan manfaatnya krn tidak ada informasi perkembangan siswa. terima kasih.",,
"Sejauh ini masih gc lbh baik.
Mohon untuk quintal lbh sprt gc mengenai informasi dan lain"" nya",,
"Seringkali setelah download file lupa tutup browser, di quintal harus tekan back. Kalo bs lgs ke layar menu utama lg lebih memudahkan",,
"Tetap tidak ada notif untuk pr atau quiz, tetap harus cek agenda",,
Lebih di permudah untuk download materi.,,
"Sering bermasalah, kadang file tidak bisa dibuka.nilai akademik jg tidak update.utk mapel tik dan pengumpulan tugas berupa video jg tidak bisa melalui hp.secara keseluruhan aplikasi ini kurang dibandingkan dengan google classroom ",,
Agar lebih mudah diakses,,
Nilai-nilai saja yang kalau bisa di-update semua (masih banyak yang belum). Terima kasih.,,
"Untuk file materi pel mohon file di beri keterangan week keberapa dan materi tentang apa serta unit nya, jadi memudahkan dalam pengunduhan (karena masih ada beberapa mapel yang belum seperti itu",,
Tidak semua pelajaran di kasih materi nya dan nilai tidak terlampir semua.,,
"Saya lebih prefer google classroom karena ada kolom komentar jadi bisa chat guru bersangkutan jika ada yang mau ditanyakan terkait materi pelajaran yang dikirimkan. Dan di quintal sepertinya tidak ada. Dan quintal sering log out sendiri, itu cukup memusingkan karena kita gak ingat semua password apalagi kali anak lebih dari satu. ",,
Akan lebih baik jika ada kolom chat sperti di google classroom shg kita bisa langsung chat guru terkait materi yang dikirimkan. Dan mgkn perlu diperbaiki spy quintal tdk sering log out sendiri krn itu ckp merepotkan bagi ortu yg kdg tdk mengingat aneka mcm password terutama bila anak lbh dari satu. ,,
"Update tidak sesuai tanggal, proses download materi berliku liku",,
"Untuk tampilan "" Read"" di Material tidak berfungsi (setelah dibuka tidak berubah). 
News Feed yang sudah lewat masih muncul di Home Quintal",,
Jikalau memungkinkan ada menu masukan/saran dari pihak sekolah atau guru terhadap profile belajar siswa misalnya per bulan/per quarter sebagai bahan evaluasi bagi orang tua dalam mendampingi pembelajaran anak. Terima kasih. ,,
"Saran saya, kalau ada informasi apapun di quintal tolong di info di agenda agar orang tua  membuka quintal karena tidak semua orang tua selalu membuka quintal. Terima kasih.",,
"Saran dari saya, sebaiknya hanya agenda/jadwal2 saja untuk membaca di quintal (membaca sebentar). Karena melihat anak harus belajar melalui quintal dalam jangka waktu lama(berjam2, setiap hari ketika ada ujian berturut2) dan harus terus fokus dalam membaca di hp/tablet/laptop AKAN BERBAHAYA UNTUK MATA. Apalgi dalam jangka waktu lama, bertahun2 (sd,smp,sma). Akan lebih baik kalau anak belajar (sewaktu membaca/menghafal/mengerjakan tugas/pr dll) dari buku/kertas print dari sekolah/ menulis sendiri di buku catatan saja. Selain berbahaya untuk kesehatan mata, karena ketika anak di izinkan memegang hp/laptop/tablet untuk belajar, selalu ada keinginan anak untuk melihat yg lain(youtube)atau bermain game. Mohon perhatian dan pertimbangan dari pihak sekolah dan juga kebijaksanaannya. Terimakasih????",,
Lanjutkan,,
"Kadang  notifikasi tdk muncul  shg kita yg hrs akses setiap waktu .
Lalu saya perhatikan tdk semua nilai ada di quintal ..apakah baru tahap awal dan ke depan nya akan semua nilai tercapture.
Semoga kedepannya lbh baik ",,
Agar lebih up to date untuk nilai anak,,
"Nilai test yang dimasukan kadang membinggungkan utk di lihat. Kadang ada mata pelajaran, tapi nilai N/A. ",,
Untuk pengumuman jika di lihat dr akun parent. Tidak ada pemisah antara anak 1 dan anak lainnya. Terkadang ada tugas yg hanya bisa dilihat dr akun anak saja. Kd mwnyulitkan parent untuk mengingatkan anak untuk mengerjakan tugas. Jika anak sudah besar misal smp smu mungkin tidak apa. Tapi anak2 sd agak menyulitkan.,,
Tingkatkan terus ,,
"Masih belum userfriendly bila dibandingkan dengan google classroom, dimana new userpun mudah beradaptasi. Di Quintal untuk mengakses materi pelajaran, diharuskan untuk mendownload terlebih dahulu. Sedangkan menurut saya itu memakan memory; dimana terkadang isi attachment hanya pemberitahuan dari guru. Di GC karna setiap attachment sudah ada sekilas image pdf sebelum diklik utk membuka, parents bs memilih utk download atau sekedar open file.
Quintal juga belum memungkinkan parents dan guru berkomunikasi melalui comment section.
Plus karna tidak ada pilihan agenda di submenu ""Materials"", agak mengecewakan. Karna sangat membantu parents dan anak utk mengcrosscheck agenda terutama bagi anak2 yang tidak masuk karena ijin dll.
Boleh dibuat menu ""Notifications"" seperti di GC untuk memudahkan cek ricek update postingan yang masuk yang sudah dibuka dan belum bagi user. In short, segala kemudahan yang ada di GC boleh diimplementasikan di quintal. Dan untuk desain quintal boleh ditingkatkan kembali dari warna dan fontnya juga. Terima kasih.",,
"Aplikasinya mungkin dapat dilengkapi dengan materi pelajaran yang terupdate dan semua informasi hanya melalui quintal, karena kadang masih harus lihat gform or quintal",,
Lebih user friendy,,
Attachment untuk soal ulangan yang sudah di beri nilai dengan jawabannya. Kalau ada soft copy seperti bisa dipakai untuk review pelajaran dan apa yang anak salah. ,,
"Menurut saya utk memasukan nilai secara update, jadi kita tidak bingung ketika dimasukin nilai anak tetapi nilai yang sudah lama baru di masukin di quinta..",,
"Sebaiknya kembali menggunakan google classroom, aplikasinya suka mental sendiri dan tidak bisa akses. Proses reset password cukup sulit, tidak bisa dilakukan sendiri, apalg kalau ada kebutuhan reset hari libur. Nilai dan hasil ulangan juga tidak terlalu update, hanya bbrp mapel saja yang update. Lebih stabil menggunakan google classroom",,
"Lebih komunikatuf dan bisa seperti GCR, ada timeline, do date, dll",,
"Sering error, file materi susah dan lama didownload, tidak ada keterangan nilai full score ( misalnya 95/95 atau 95/98 ), tidak ada keterangan detail dari nilai ( seperti Agama Project, sebaiknya Agama Project Tempat Wisata Religius di Indonesia )",,
Ulang training utk cara buka quintal dan untuk melihat data di dlmnya,,
"Untuk melihat penilaian biar lebih dimudahkan lagi, saya suka binggung dengan nilai yg memakai scor. Terimakasih",,
Lebih mudah mengakses materi melalui Google classroom di laptop.,,
"sering lupa username dan pass, ga hapal nis anak. mgkn bs login pakai email dan OTP saja kl lagi lupa.",,
"Sebaiknya fokus 1 aplikasi, kalau memang ingin menerapkan quintal, tidak perlu GC. Dan materi sebaiknya update. Kalau announcement dan info nilai lumayan terbantu. ",,
"Save mp4 tidak bisa, buka file materi tidak semua hp bisa buka dan terlalu besar filenya juga quintal ortu kadang dasboard nya gak kebuka.",,
"Agar lbh update dalam pemberian nilai siswa, begitu jg dengan materi²nya dan info² lainnya. ",,
Selalu update,,
"Ada notifikasi jika ada informasi baru, masih bingung mmenyessuaikannya, kurang friendly. Update dari guru masih via wa.",,
Harap materi pembelajaran dan nilai selalu diupdate. Thx,,
bagaimana cara pakainya?,,
Suka error kalau digunakan di 2 perangkat secara bersamaan.,,
Tolong di permudah pengunaan menu nya,,
"Informasi anak pada aplikasi parents masih tercampur.misal pada saat memilih salah 1 ank,informais ank yg lain nya masih muncul.",,
Informasi dari walas lebih diperbanyak seperti di classromm sebelumnya.,,
Info walas lebih diperbanyak dan materi pembelajaran semua diposting ke quintal.,,
"Masih bingung ketika mau submit tugas sekolah, lebih enak menggunakan google class",,
Materi pelajaran dan agenda dilampirkan juga setiap hr seperti saat pakai gcr,,
Nilai2 ga jelas yg mana dan sulit dibuka,,
dapat digunakan untuk komunikasi 2 arah,,
Masih terlalu rumit utk ortu dan anak (contoh: tdk bs upload video dst) mohon diperbanyak latihan atau sistem diganti baru. Terima kasih ,,
Lebih mudah dan informatif menggunakan google classroom sebelumnya ,,
Informasi kurang update,,
Untuk anak sendiri sangat membingungkan mereka dalam pemakaian quintal. Lebih mudah mengakses Google Classroom.,,
"Murid / Orang tua murid tdk dpt berkomunikasi dgn guru lewat quintal. Kalau pakai GCR tinggal ketik comments untuk berkomunikasi dgn guru. Pengumuman yg diberikan tdk up-to-date. Materi pelajaran yg diberikan guru tdk lengkap, kadang tdk di post di quintal. Sementara kelas lain dapat materinya.",,
"Jika masuk menggunakan id parent dan mempunyai anak lebih dari 1, announcement tidak rapi karena announcement untuk 2 anak menumpuk jadi 1 walaupun sudah memilih salah satu anak. Seharusnya announcement sesuai jenjang anak (dipisah)",,
Nilai siswa sering telat keluar,,
Tidak semudah google classroom,,
Kurang paham,,
lebi lengkap informasi di google classroom,,
dibuat lebih update saja khususnya untuk materi dll,,
 lebih mudah untuk gunain quintal,,
Nilai bisa disearch based on mapel.,,
Kami memerlukan informasi due date tugas. Memudahkan kami mengecek apabila ada tugas atau quersioner yg harus diisi.,,
Yang berjalan baru update nilai dan materi. Selain itu fitur lain sepertinya masih kurang dimaksimalkan,,
Jika d hp ada notif baru kita harus refresh 2 sampai 3 kali baru keluar update infonya tp apakah hp saya yg ngelag juga kurang tau,,
"Galeri lebih di perbanyak dan nilai update, jangan sekali keluar langsung semua.",,
"Sejauh ini blm ada, krn sejauh ini baru di pakai untuk melihat nilai, agenda, bahan 2 pelajaran. ",,
"Diawal suka clash jika login menggunakan aplikasi parents. Krn sy menggunakan akun parent, takut ada informasi yg kelewat",,
"Sudah bagus , tetapi untuk bahan - bahan yang sudah diajarkan kepada anak kami tolong dibantu segera diupdate Laoshi karena kami cek ada beberapa pelajaran yang belum diupdate sebelum kami email ke walikelas anak kami.Terimakasih Laoshi",,
Gallery di isi dgn photo kegiatan anak,,
Kadang bs error pas membukanya,,
Untuk nilai ada beberapa Mapel yg tdk upload di quintal. kl semua di upload jd ortu bisa lebih tau perkembangan anak anak di tiap2 Mapel. ,,
Sistem nilainya sangat membingungkan dan harap lebih sering di update bagian announcements.,,
Reminder mengenai tes dan material occasionally yang harus dibawa siswa jika dimunculkan di aplikasi akan menjadi lebih informatif,,
"Belum semua informasi yg dibutuhkan terupdate secara lengkap spt nilai ckp lama br terupdate, dan detil nya krg informatif. Agar bisa diupdate lbh baik lagi",,
Informasinya lebih lengkap menggunakan GC,,
"Sejauh ini, saya mengakses tidak ada kesulitan dan oke, jadi buat saya pribadi quintal sudah oke,,??????",,
Tingkatkan terus kualitasnya,,
"Quintal memang lebih banyak info nya dan lengkap  tapi kalo bisa tolong buat kolom catatan dari guru, pemberitahuan, dan tugasdi pisah, terima kasih",,
"Mohon nilai update,tidak langsung keluar banyak dan kita bingung ini quiz atau ulangan yg mana.",,
"Sejauh ini saya mengakses quintal sangat mudah dan oke, jadi saya ras cukup bagus quintal yang ada saat ini,,??????",,
Lebih update informasi nilinya,,
Lebih dikembangkan lagi supaya anak2 tidak perlu adanya agenda lagi.,,
Ada kesulitan pd saat download pelajaran. Pdhal sdh didownload tp tdk bisa dibuka. Lalu yg sdh dibuka lama tdk bisa di buka lg. Lbh mudah google Classroom dlm mendownload pelajaran. Serta tdk update maksudnya tdk semua ringkasan pelajaran ada di quintal. Tq,,
"Nilai kadang ngk masuk di quintal
",,
Lebih update lagi ttg materi prlajaran dan memberi soal2 latihan untuk anak2 di rmh terima kasih,,
"harus lebih update mengenai jadwal,  nilai, materi dll karena banyak data yang masih blank. terkadang jadwal juga tidak update. harus ditingkatkan supaya maksimal manfaatnya.",,
"Semoga semua pelajaran materi nya bisa di update kembali di quintal, IPA gak pernah ada update mati anak2 soalnya, ",,
"Saya pribadi sdh menyerahkan tanggung jawab ke anak nya sendiri laoshi. Jadi secara pribadi, quintal tdk sering saya cek, hanya kadang2, memantau nilai anak dan absensi anak saja.",,
Aplikasi harus lebih mudah digunakan,,
Di update terus aplikasinya ,,
Materi dan nilai lebih cepat diupdate,,
kadang datanya masih suka error,,
Google class lebih informatif ,,
Mohon agenda bisa di sync ke quintal,,
"Mungkin akan lebih baik ketika ada notifikasi nilai atau materi, begitu di klik, maka langsung di arahkan ke nilai atau materi tsb directly( bukan ke page home nya quintal) 
saya sering bukanya dari Hp, selalu diarahkannya ke page home nya quintal, jadi kita harus buka manual utk mencari materi tsb. ",,
Update nilai dan materi lebih cepat,,
"Jika ada info apapun yg disampaikan/ diinfokan masuk ke Quintal, ada tanda pop up baik di email/ di aplikasinya sehingga kami ortu bisa tahu ada sesuatu/ berita/ info",,
Harus sering diupdate materinya,,
Semoga aplikasi quintal makin gampang diakses,,
Lbh gampang dimengerti waktu dl menggunakan Google Classroom,,
Sudah baik dan informatif,,
Lebih sulit lebih enak menggunakan google classroom lbh rapi ,,
kurang user friendly untuk mengirimkan tugas,,
Sampai sekarang tidak bisa masuk ke quintal,,
Lebih sulit liatnya. Lbh enak google classrom lbh rapi dan terdata. ,,
Lebih kurang update ,,
Lebih detail,,
Lebih simple lebih baik ,,
datanya kadang masih kurang update/akurat termasuk nilai dan jadwal akademik ,,
Komunikasi 1 arah harus dikembangkan menjadi 2 arah lebih baik,,
Makin simpel makin baik,,
Semoga bs lbh baik lagi,,
Jika ada notification yg masuk dan di KLIK tidak bisa terbuka lngsg ke halaman informasinya tetapi selalu masuk ke HOME jadi harus mencari manual,,
"Kurang terbiasa menggunakan Quintal, seperti mencari materi pelajaran",,
Saran spy lebih sering diupdate info & materi pelajarannya. Karena sejauh ini update materi hanya ada saat mepet waktu akan diadakan assessment. Lalu utk nilai2 yg diupload mungkin bs lbh jelas itu nilai utk test atau quiz atau tugas yg mana ??,,
"Sering minta password kembali
Materi yg dikirim, harus download dahulu
Tidak semua mata pelajaran di beri materi lewat quintal.
Kalender akademik sekolah belum sesuai, jika ada perubahan, tidak di update ",,
Tambahkan notifikasi suara yg bisa muncul setiap ada kegiatan yg akan datang minimal 1 hari sebelumnya,,
"Kadang file tidak bisa di download, informasi tidak semuanya ada, agak bingung dengan penamaannya, tidak mudah untuk anak gunakan sendiri.",,
"Sebaiknya agenda juga dimasukkan ke quintal, nilai jg tidak semua mata pelajaran update",,
update yg lebih sering,,
Materi dan nilai tlg diupdate. ada bbrp mapel yg materi nya tidak ada jd tdk tau anak sdh sampai mana pembelajarannya,,
"Nilai2 yang diinfokan tidak update, bgitu juga dengan agenda harian, lebih efektif pakai GC",,
Hendaknya sudah bisa login menggunakan face id. Agar tidak direpotkan karena Quintal suka ter logout setelah beberapa lama. ,,
Mudah mudahan lao Shi bisa memberikan materi di Akademik: Material,,
Maunya yg bs untuk komunikasi dgn walikelas,,
"Kalau bisa 'QUINTAL' ditambah ""folder AGENDA"" juga,
Seperti saat pakai 'CLASSROOM' dulu,
supaya bisa dapat info kalau ada test/quiz/ PR. 
Thank you",,
Materi dan nilai siswa lebih diupdate. ,,
Updatenya di percepat,,
Chat/komunikasi dgn guru. Jd tdk perlu lewat gmail lg. ,,
Sudah baik dan sangat membantu siswa dalam belajar,,
forum komunikasi langsung dengan guru,,
"Permudh untk mask apl, jangn mnta login ulng trus,ckup skali masukin pasword",,
"Quintal menyulitkan karena harus ingat password dan username setiap mau login. Dengan pny akses utk parent dan murid, juga membingungkan. Fungsinya apa? Karena sebagai ortu aku bingung harus akses pakai yg mana. Utk lihat materi yang diposting, harus buka 2 akses. Jadinya sekarang tidak pernah buka akses parent. Tp hanya pakai yg murid saja.",,
Utk informasi spt nilai pelajaran n agenda kegiatan anak tolong lbh cepat diupdate yg terbaru. Utk bahan pelajaran bahkan tidak prnh diinfokan.,,
Agar lebih user friendly,,
"Update nilai tlg ontime supaya tdk kosong2 nilainya Ls. Lalu ada yg anak sy sdh submit di google classroom ktnya tdk perlu submit di quintal, tp di quintal terbacanya jadi failed. Format nya krg nyaman di mata kalau utk saya ya. Tp mdh2n pengembangannya akn lbh enak nantinya. Tp overall ok, website ringan, tdk berat saat dibuka. Thanks",,
"Mungkin untuk pembelanjaan online keperluan anak seperti buku untuk TA baru, perlengkapan sekolah juga bisa dimasukan di Quintal.. Sejauh ini aplikasi Quintal sudah cukup membantu, tetap semangat, terus berinovasi dan sukses buat kita semua.. Amin",,
Harus lebih update lagi dan pengumuman akademik dipisah antar anak. Thx,,
Lebih di perbagus lagi setidaknya mirip seperti google class.. menurut saya google class lebih gampang dimengerti..,,
"Jangan terlalu  banyak klik utk mengakses sesuatu, ",,
Harus lbh sering diupdate dan informasi dapat dipisahkan antar anak.thx,,
"Sudah bagus, hanya untuk update nilai terkadang masih terlambat dan kalau bisa guru dapat memberi comment nilai jika ada yang kurang bagus dan perlu ditingkatkan, contoh pecahan masih harus banyak latihan,dll  Terimakasih",,
"Sudah cukup bagus, mudah dalam menggunakan aplikasi dan informasi yang diperlukan sudah tersampaikan serta memudahkan anak2 untuk mengulang pembelajaran dirumah.",,
Tolong diupdate terus untuk semua info dan nilai.untuk kelas 2 belum begitu terpakai quintalnya,,
agar informasi tentang KBM selalu diupdate,,
Lebih baik lagi dan lebih mudah digunakan,,
Terkadang memberi bahan nya terlalu lama pdahal besok sudah quis,,
inovasi berkelanjutan sehingga lebih user friendly ,,
Ditingkatkan lagi,,
"Tidak semua materi pelajaran di upload di quintal. Hanya beberapa materi saja ppkn ,bahasa yg di upload di Quintal.sebagai orang tua,saya saran semua yg dipelajari disekolah di upload.jadi kita bisa review ulang di rumah",,
"Agenda belum adw di Quintal, nilai cepat diupdate, kegiatan harus jg diinfo di aplikasi,jgn hny andalkan anak2 smpikan ke org tua. krn msh ada org tua hrs bekerja di luar.",,
"Saya cek galeri tapi tidak ada data , kalau pengumuman kadang suka terlat di muat di Quintal ",,
Untuk nilai academic nya belum update,,
Jarang membuka quintal jd gak ada saran. Thx,,
Kemudahan utk akses,,
Perlu ditingkatkan update data di apps menjadi data real time. Tampilan dari apps perlu ditingkatkan menjadi lebih menarik & attractive. ,,
mohon lebih update,,
sering perlu login lagi padahal sebelumnya sudah pernah login. Bagi saya yang agak sulit menghapal password agak menyulitkan.,,
"Buat lbh praktis,simple, mudah pengoperasiannya",,
Lebih di seder ha akan,,
Quintal nya sering tidak update untuk informasi selanjutnya ,,
"Section material di handphone masih ada yang double2 contoh tionghoa, namun jika di laptop /web sudah sesuai.",,
Materi pembelajaran tidak update dan nilai juga tidak update,,
Agak membingungkan. Mgkn dr pihak sekolah perlu update nilai scr rutin.,,
Updatean seperti google classroom,,
Mohon teacher upload bahan pelajaran kalau memungkinkan pada hari itu juga atau 1 hari setelah pelajaran terutama math  agar kamu orangtua dpaat merivew dirumah dikarenakan beberap teacher upload materi lama sekali walaupun ada juga yg cepat.mohon lebih dikoirdinasikan lagi dengan guru2 nya terimakasih  ,,
Quintall bisa seperti google classroom,,
Nilai ulangan harap di selalu di update.krn yg terjadi adalah nilai ulangan yg dibagikan dikelas ga update dgn quintal.ada yg dimasukin ada yg belum,,
Nilai siswa kebanyakan kami ketahui lebih dahulu dari lembar Ukd/quiz yang dibawa pulang anak. Quintal kurang cepat dalam update nilai siswa. ,,
"Mohon materi-materi yang sudah dipelajari di sekolah di update di quintal, seperti di google classroom sebelumnya , agar anak bisa mengulang pelajaran tersebut di rumah, dan pelajaran review2 juga mohon di update untuk mempermudah anak dan orang tua meriview kembali di rumah, mengupdate materi pelajaran di quintal sangat penting bagi kami orang tua agar bisa membantu anak2 belajar kembali apa yg sudah mereka pelajari di sekolah, dan itu sangat membantu saat mereka ulangan nantinya, terima kasih??",,
Sy jarang buka quintal jd belum ada saran ,,
Lebih d permudah pemakaian nya ,,
"Apa yg hendak dicapai dg adanya Quintal? Buat km hny kemudahan utk meminta ijin, krn nilai tdk pernah lengkap, bhn materi tdk bs diakses, malah lbh bnyk informasi nya dr grup kelas",,
Saya berharap agar quintal sering diupdate informasi sehingga orang tua bisa lebih cepat mengetahui informasi terkini terkait dgn anak,,
Semoga lebih baik,,
Terkadang mau download materi susah. JD tolong di tingkatkan LG ,,
"Coba quintal bisa spt gclassroom yg link ke email., jadi tiap x ada update, pate ts dpt notif, kalo yg skr, ortu mesti tiap x check ke website utk tau ada update tdk. ",,
"Lebih update perihal kalender akademik, dan kegiatan sekolah serta semua pengumuman sekolah. Juga kalau bisa update juga untuk agenda sehari hari siswa.",,
"Mohon untuk pelajaran yang telah di pelajari di sekolah selalu di update ke quintal setiap hari, seperti sebelum nya di google classrom, karena itu sangat membantu kami para orang tua dan anak bisa mengetahui dan mengulang kembali pelajaran tersebut di rumah, dan materi review2 juga mohon di update agar nanti pada saat menjelang kuis dan ulangan bisa di pelajari di rumah, terima kasih ??",,
"Untuk file"" dan nilai lbh di upgrade lg, krna quintal skrg jrg update. Untuk infomasi lbh mndingan class room di sna jelas terperincih untuk info dari wali kelasnya, dan respon lbh cepat. Terima kasih",,
Lebih baik manual saja atau klo mau aplikasi tiap materi dan tiap informasi berbeda di bedakan nama judulnya atau di buat folder masing masing .,,
"Materi dikelompokan per mata pelajaran, agar lbh mudah diakses, notifikasi setiap ada news",,
Semoga ke Depannya lbh murah lg,,
Perlu dibuat lebih mudah,,
semoga quintal lebih cepat untuk membuka apknya.,,
Aplikasi ini lebih membingungkan dibandingkan dgn google classroom. Agenda setiap harinya jg tdk terupdate.. Kalendar akademis jg tdk update.. ,,
"Saya kesulitan untuk megetahui informasi utk tiap kelas anak saya, karena anak saya 3, jadi di Quintalnya informasi gabung",,
Lebi enak lgs ke wa aja  jd dibaca,,
Update nilai hasil ujian anak lbh cepat,,
Sejauh ini sdh ok,,
Blom begitu memakai quintal,,
"Informasi yg tertera masih tidak lengkap. Tidak semua nilai terupdate di Quintal. Fitur2 yg disiapkan harusnya cukup bagus, tp sayang kebanyakan fitur masih kosong isinya. Jadi overall saya belum merasa Quintal ini sangat berguna",,
"Nilai tidak diupdate sesegera mungkin, bahkan ada beberapa subjek tidak pernah update nilai di quintal",,
Setiap ada notifikasi tidak bisa lihat di quintal Dan ada file lain yg tidak bisa on line seperti nilai test murid. Masih banyak yg harus di update,,
Mohon disediakan tenaga kerja yg mengerti app Quintal untuk standby & membantu ortu di ruang TU atau di area sekolah yang bisa diakses orang tua,,
Team Pahoa harus sering mengupdate informasi yang ada karena terkadang beberapa data tidak ada isinya. Terkadang data juga kurang update. Harapannya quintal bisa lebis maksimal terpakai dan komunikasi sekolah dg ortu bs lebih terjalan meski melalui quintal.,,
Pembagian soal soal dan jawaban yang benar ,,
Untuk nilai tugas dan ulangan kalau bisa lebih cepat di upload jadi kami orang tua Ada gambaran mengenai nilai anak. Materi review pelajaran kalau bisa jauh2 hari sudah di input jangan terlalu mepet dengan jadwal ulangan. Terima kasih ,,
"Tidak bisa melihat nilai anak Dan notifikasi hanya ada di hp di aplikasi tidak bisa ngelink , mohon di update aplikasi quintalnya",,
"Mohon disediakan tenaga kerja yg mengerti app Quintal untuk standby di TU atau ruang yg bisa diakses oleh orang tua untuk tanya jawab atau bantu install yg error. Kalau hanya by laporan & tlp, kayaknya bukan saya yang lupa- dr pihak sekolah juga me jawab akan ditanyakan & diinformasikan. Tapi faktor lupa juga selalu ",,
Untuk materi pembelajaran / review / latihan soal kalau bisa di upload jangan mepet dengan waktu ulangan. Untuk nilai ulangan / tugas bisa di upload lebih cepat supaya kami orang tua bisa memantau nilai anak. Terima kasih,,
Lebih ditingkatkan lagi untuk login terkadang suka error ,,
Lebih mudah pakai google clasroom krn materi dan tugas dipisahkan jadi gampang carinya. ,,
"Untuk tugas2 yg perlu di upload harap dapat di upload melalui quintal, krn tugas yg harus di kirim melalui email guru sangat sulit krn keterbatasan memory yg dapat dikirim melalui email, jadi baiknya tugas dapat di upload melalu quintal seperti sebelumnya melalui GCR. ",,
Dipertahankan kualitasnya  dan kemudahan dalam pemakaiannya,,
Mungkin bisa di share lagi tata cara pemakaian QUINTAL keseluruh orgtua dan murid,,
Kalau Quintal bisa seperti Google Classroom lebih enak ,,
Update nilai bisa lebih byk n lebih mudah d buka krn terkadang saat mau bljr materi tdk dpt d buka aplikasi ny,,
Lebih update dan lebih mudah digunakan,,
Semoga lebih baik lagi...,,
Lebih update mengenai nilai siswa,,
"Masih rasanya lebih enak pakai google classroom, pake quintal sering bingung dan yg jelas ribet kalau mau buka materi musti download2 dulu baru bisa buka, bikin hp full terus, kalau uda full g bisa buka lagi, lebih ribet pake ini",,
Nilai akademis kurang lengkap di Quintal,,
"Masih rasanya lebih enak pakai google classroom, pake quintal sering bingung dan yg jelas ribet kalau mau buka materi musti download2 dulu baru bisa buka, bikin hp full terus, kalau uda full g bisa buka lagi, lebih ribet pake ini",,
Nilai nya jarang sekali di update sama laoshi nya jd kalau mau tunggu nilai lamaaa,,
Agak sulit utk selalu download materi dari hp.,,
agak sulit jika selalu harus download materi di hp. Jika memang memungkinkan utk dibuka di laptop lebih baik. terima kasih,,
"Aplikasi Quintal bagus, dan kita bisa melihat hasil nilai2 anak. Terus kita bisa lihat perbandingan nilai2 quiz, UKD dan nilai tugas anak2. Yang mereka dapat. Saya sangat puas dengan adanya aplikasi quintal, kita setiap saat bisa lihat aplikasi lewat hp. Jadi muda kita pantau nilai anak2. Terima kasih. ",,
Belum sering menggunakannya jadi belum dapat memberi saran,,
Menu2 nya lebih di peemudah,,
Enakan pakai google classroom lebih simple dan mudah dmengerti,,
Untuk beberapa materi tidak sama dengan materi yang diberikan kelas lain. Contoh untuk bahan pelajaran a pat kelas lain dapat bahan review Pat dan  di berikan ulang melalui Quintal. Tapi di kelas 2.9 tidak ada  ,,
Lebih detail submit setiap pelajarannya ,,
"Agar lebih dikembangkan aplikasinya, kadang suka ke log out lalu mau log in lagi harus berkali kali.",,
Semoga aplikasi Quintal dpt lbh baik lg,,
Notifikasi ada Nilai dimapel tapi masuk ke Quintal cek ga ada ,,
Masih blm ngerti,,
"Sy agak bingung pakai quintal, entah krn sudah terbiasa memakai GC atau memang sesulit itu aplikasi nya. Terlalu banyak fitur sehingga membingungkan",,
"Quintal sdh ckup bagus , lebih bagus lagi bila ada foto kegiatan anak” ??",,
Di tingkatkan lg untuk update ,,
Bisa ditambahkan apabila ada tugas yang harus dikerjakan di rumah. ,,
Jika bisa ada memuat agenda harian siswa juga,,
"Kalau ada notifikasi nilai, tapi pas dibuka ga muncul. ",,
Kalau bisa agenda harian terupdate di quintal jg,,
supaya kiranya guru bisa jg memberikan soal2 UKD atau UH dgn lembaran yg kosong untuk latihan dgn jg diberikan kunci jawaban terpisah,,
"Selamat siang Laoshimen, Saran saya para laoshi dapat lebih rutin mengupdate semua informasi akademik setiap pelajaran seperti penggunaan aplilasi Google Classroom sebelumnya dan update materi pembelajaran diharapkan bisa lebih awal sehingga siswa dapat mempersiapkan/membaca lbh dl dirumah, update agenda dan tugas2 juga diharapkan di share di quintal seperti Google Classroom dl, sehingga ortu bs memonitor tugas2 siswa apakah sdh dikerjakan/dikumpulkan blm.",,
Cuma kadang sering ada notif tapi tidak bisa dibuka update terbaru,,
Mohon di tambahkan agenda sehingga parents jg tau update agenda seperti di google classroom dlu dan materi dan nilai jangan di update klo susah mo ujian saja karena suka ketumpuk2 jd binggung,,
Tolong selalu di update jangan pas mau ulangan saja.dan klo bisa ada agenda seperti google classroom sehingga saat anak tidak menulis agenda parents jg bisa liat biar update karena kadang lebih praktis menggunakan quintal dari pada lihat agenda,,
"Saran saya, setiap materi pembelajaran yg sdh diajarkan di sekolah bs lbh awal di share ke quintal, agenda dan kalender akademik jg bs share ke quintal seperti Google Classroom dl. Terima kasih",,
Lebih banyak materi pelajaran yang diberikan,,
Lebih ditingkatkan lg ,,
Terus pertahankan yg sudah berjalan,,
Pake foto saja.utk srt ijin nya,,
"Agar lebih mudah dapat diakses lagi ya ,,kadang2 sangat sulit sekali masuk ke quintal",,
"Kadang masi belum terlalu update info unt beberapa mata pelajaran, next smoga bs lebih update informasi nilai dll nya",,
dibuat supaya bisa lebih mudah pemakaiannya,,
"Kalau ada notifikasi nilai masuk, pas dibuka ga kelihatan.",,
"Akan lebih baik jika dilengkapi detail keterangan singkatan dan maksudnya. KI 3 apa saja, KI 4 apa saja, tugasnya berupa apa, jadi bisa trace di rumah, hasil kerja anak di sekolah",,
"Sudah cukup baik, tapi anak belum terlalu familiar dengan quintal. ",,
"Tolong di permudah lagi, agar orang tua dpt memahami . ",,
Lanjutkan,,
"Dibandingkan classroom, gclassroom lebih user friendly. Terimakasih.",,
jangan sering ke log out otomatis,,
sementara masih bisa di akses dengan baik,,
sementara masih bisa di akses,,
"Masih belum terbiasa memakai quintal, lebih bnyk data info2 kegiatan sekolah lagi yg di update di quintal.",,
Materi pelajaran yg diberikan lambat diterima oleh orang tua murid ,,
selama menggunakan quintal saya kekurangan informasi ,,
"Semoga info/pengumuman bisa update, terutama jadwal ujian/quis, mengingat di quintal tidak ada agenda harian seperti di GC.",,
"Kalau di bandingkan dengan yg terdahulu, lbh gampang pakai yg dahulu. Bisa jadi karena masih baru jd pemakaian lebih sulit. Kalau dahulu lbh mudah. ",,
Jarang digunakan. Mgkin lebih baik ada aplikasi khusus untuk informasi mengenai anak kepada org tua.,,
Semoga kedepannya ada aplijasi khusus utk orgtua yg isi nya semua informasi ttg anak.,,
lebih ditingkatkan untuk notifikasi dan agenda harian,,
"Materi tolong lbh lengkap, pengumuman retake atau tambahan mohon diberikan di quintal",,
Untuk sekarang ini belom terlalu sering digunakan. Karna anak saya masih SD. Jadi kebanyakan saya bukanya Quintal siswanya. Untuk orgtua jarang sekali digunakan. ,,
Semoga aplikasi lebih cepat dan tidak lemot,,
Dalam membuka materi pelajaran bisa dibuat utk buka di bbrp tab agar lebih memudahkan orang tua untuk menyiapkan materi2 pembelajaran utk anak,,
"Menurut aku lebih gampang pakai GC, quintal suka gak bisa buka, kadang butuh download dulu",,
kurang user friendly,,
Lebih dipermudah lagi dalam mencari materi,,
selama ini tidak ada informasi yang lengkap(tidak tahu apakah aplikasi di hp saya error),,
"attachment harus di download, komunikasi 2 arah sangat sulit",,
"Untuk tugas yg perlu attach ke quintal, itu belum sepenuhnya bisa, kadang ls masih minta untuk di email kan, jadi misal sudah attach quintal sebaiknya tdk perlu lagi email .",,
"Kalau memungkinkan, materi pelajaran lebih lengkap dan ada agenda. Terima kasih.",,
Tidak ada bagi saya ini semua sudah sangat lengkap informasi2 yang diberikan ,,
Semoga semakin mempermudah siswa dan orang tua mendapatkan info ilmu dan pengetahuan.,,
Nilai lebih akurat,,
"Tentang nilai anak.. update nya kurang cepat.
untuk materi sih lengkap melalui Quintal.
Lebih di maksimalkan pengunaannya ke depannya",,
"Untuk sementara sepertinya guru2 kurang update dalam memberikan info2 seputar kegiatan sekolah / jadwal / nilai2, seperti lebih cepat dari agenda dan nilai dibagikan ketimbang update di quintal nya. ",,
Lebih perjelas instruksinya,,
Saya merasa penggunaan  quintal blm maksimal.,,
Aplikasi lebih mudah untuk di akses,,
pada attendance ada menu cancel/batal atau edit/koreksi,,
menu edit/cancel dan reply pada saat pengisian izin kehadiran,,
"Tidak semua info bisa didapat jika dibandingkan saat menggunakan GC. Banyaj info yg akhirnya didapat dr grup kelas, spt assignment, jadwal quiz, ujian. ,Mgkn bisa di post lbh detil spy bisa memastikan anak sudah melakukan yg ditugaskan. Saya ibu bekerja jd tdk bnyk wkt utk cek agenda setiap hari jd media spt GC dan quintal menjadi andalan saya.",,
Materi pelajaran kurang,,
Kl buka dari mobile app lama loadingnya & dari sisi UI/UX nya bs dioptimalkan spy lebih user friendly ,,
Banyak info yang belum bisa kami akses melalui quintal & tidak user friendly ,,
Semoga aplikasi quintal tambah baik,,
"Mungkin kl bisa, ada fitur message antara guru dan ortu murid",,
Lebih ditingkatkan lagi detail nya akan dapat melihat perkembangan anak termasuk nilai nilai ujian anak,,
Ada guide book untuk mempermudah langkah pengunaannya ,,
Ada guide book untuk mempermudah langkah pengunaannya,,
Masih sulit untuk digunakan,,
Sejauh ini baik2 saja krn utk mendapatkan info cukup disini,,
"Sering kali update data tidak actual, dan tidak semua pelajaran update baik. Padahal jika rapih dan tertata complete saya rasa aplikasi ini akan sungguh sangat membantu.",,
easy apps to log in,,
Nilai lebih sering diupdate agar lebih mudah memantau perkembangan anak. Materi jg lbh sering diupdate,,
"Kl bisa materi pembelajaran seperti dl dgn gcr
Dgn quintal materi krg lengkap
Dan nilai2 semua dimasukin kdg membingungkan",,
"Sebaiknya ada status project, tugas secara keseluruhan seoerti dulu di GC krn selama ini harus click setiap pelajaran.",,
Untuk update informasi apapun itu masih lebih cepat info by wa grup drpd di quintal.,,
Update informasinya lebih cepat karena sblm ini pernah informasi lbh cepat kita dapat dari wa grup.,,
Orang tua masih perlu adjustment untuk menggunakan Quintal. ,,
Quintal tidak semudah google classroom,,
Sebaiknya aplikasi tdk srg logout sendiri,,
"Banyak orang tua gaptek,termasuk sy sendiri??",,
pengumuman di share juga di quintal misal seperti jadwal PAT. ,,
"Informasi pengumuman2 selain diberikan langsung di agenda siswa, boleh dimasukkan jg di quintal",,
Lbh dimudahkan pemakaiannya,,
Quintal sudah cukup baik,,
Kurang update mengenai informasi diiquintal.,,
Informasi mengenai materi pelajaran,,
Harusnya informasi anak sama seperti di akun quintal orang tua.,,
Untuk nilai dan kalender akademik harap lebih cepat di-update ,,
Informasi yang diberikan tidak selengkap di GC,,
"Tolong agenda harian tetap di share di quintal. In case anak sedang sakit, orang tua tetap terupdate dan jadi tahu apa saja yang harus disiapkan untuk hari berikutnya saat masuk",,
Bisa ditambah dengan live chat atau Direct email ke walikelas,,
Tolong agar lebih disederhankan untuk orang tua yg gaptek spt sy  Tks,,
Peningkatan kecepatan update nilai dan pengapload an hasil ulangan yang dikerjakan siswa kadang siswa kalau dpt jelek suka diupetin,,
Nilai ulangan fan materi pembelajaran lebih cepat diupdate,,
"Overall ok, hanya agak sulit dimengerti nya.. ",,
"Nilai lamaaaaaaaaaaaaaaaaa sekali update, materi sangat kurang, quintal ortu dan anak tidak sinkron, masih lebih bagus jaman google classroom atau manual pk kertas",,
Informasi harus selalu update,,
Lebih banyak info uodate,,
"Lebih sering masukkan update.. untuk kelas 1 sedikit sekali announcement nya.. kelas 3, lebih sering ada.. jadi anak lebih bisa di pantau..",,
"Agenda siswa per hari dimuat di quintal spt wkt pakai GC agar lebih memudahkan ortu. Nilai jg dimasukan semua, krn skrg ini sy liat tidak semua masuk nilainya. Untuk buka melalui website di laptop, kalau bisa ada pilihan per materi pelajaran. Jadi ketika siswa mau belajar melalui quintal bisa di pilih per mapel..thx",,
"Kadang masih meminta login & password, jadi harus buka email dulu untuk meliat I'd & password.  Selain itu bagus",,
Semoga kedepannya lebih gampang diakses,,
Agar lebih mudah lagi cara penggunaan nya untuk upload video,,
Masih bingung menggunakannya,,
"Mungkin setiap update mengenai materi ataupun info lainnya, seharusnya muncul notifikasi ya, biar parents jg bisa aware",,
Lebih gampang dlm melihat materi pembelajaran di aplikasi. Tanpa harus download krna klo memory d handphone penuh. Materi pdf tdk bisa download dan kurang praktis buat cek materi anak kapan aja,,
Lebih update lagi mengenai kalender kegiatan siswa.,,
"Menurut saya Quintal hanya merupakan media satu arah, tidak ada bagian untuk interaksi antara orang tua dan guru seperti pada Google Classroom",,
Lebih update untuk info2 didalamnya,,
Lebih update,,
"Ditambahkan media interaksi antara orangtua, tidak hanya untuk permohonan izin. ",,
Kurang update,,
lebih baik kembali ke GC,,
Apliksi google class kayanya lebih mudah ,,
sementara belum. terima kasih,,
"Untuk informasi, kalau ada file download, sebaiknya tidak pindah ke page baru",,
"Mnrt anak2, masih lebih mudah mengakses dati google classroom",,
Mohon informasi lebih detail dan lengkap lagi,,
Prefer GC karna agenda lebih update,,
Update nya yg rutin tiap hari. Ths,,
Kalau bisa ada soal soal latihan untuk anak2 kerjakan di rumah terima kasih,,
"Untuk download materi agak susah karena tdk bs materi 1 pertemuan langsung di download semua, harus satu per satu",,
Designnya lebih user friendly,,
Link tidak dpt di click,,
Link tidak dpt di click,,
"Sebaiknya laoshi lebih sering mengupload materi dan nilai anak secara rutin, tidak hanya dirampel di akhir atau ketika mau ujian. ",,
Semoga tidak sering error ,,
Tidak ada update agenda harian,,
"Materi hanya pelajaran tertentu saja yg diberikan via Quintal. Andai ada tambahan materi dari pelajaran lain, akan lebih baik",,
Di tingkatan lagi kadang suka error,,
"Kurang akurat,tidak ada agenda kegiatan harian",,
Informasi lebih lengkap dan update,,
Saya lebih suka pakai Google classroom lbh gampang aja...,,
Bisa upload tugas anak seperti gclassroom.,,
Mungkin kedepannya lbh update lagi mengenai nilai anak dan informasi mengenai anak,,
Lebih di perbanyak informasinya,,
Semoga Galery kegiatan anak bisa di update juga di quintal. Terima kasih ,,
Menunya dipermudah,,
Supaya lebih lengkap canggih terus berkembang,,
Masih agak sulit operasikan,,
"Para guru semoga lebih update.dan quintal tidak tiba tiba request minta pas lagi,karena terkadang susah login ",,
Sejauh ini lebih optimal google classroom dibandingkan Quintal. Masukan: Update materi jangan terlalu dekat dengan ulangan. Supaya siswa/i dapat mencicil pelajaran. ,,
Untuk masalah ijin sekolah saja agar dapat lebih dimudahkan komunikasinya.,,
Smoga quintal kedpnnya bisa lbh baik lg seperti google class yg ada aplikasinya bila digunakan di laptop,,
Agenda harian tolong di lengkapi karena kadang di buku agenda anak2 tidak jelas / tidak lengkap tulisannya,,
Smoga quintal kedpnnya bs lbh baik lg,,
Sejauh ini sudah ok,,
Kurang update mengenai schedule harian siswa,,
Lbh mudah pakai google class room,,
"Saya mempunyai 2 anak, 1di SD dan 1 di TK. Jd kuitalnya bisa kecampur, padahal sy misal membuka anak yg SD, tp agenda dan notifikasi yg muncul yg anak TK. Jd membingungkan.",,
"Kadang materi nya juga ngga  apdet, harus ditanya dulu, baru kemudian di Submit ke quintal ",,
Sampai saat ini jujur saya masih jarang mengecek ke quintal. Krn baru saja memahami gcr sdh berganti ke quintal. Saran kami utk materi pembelajaran tolong jika mau test dishare lebih awal spy ortu bisa prepare..,,
Utk materi lebih sering di update,,
Notifikasi utk anak agar semngat dlm beljar,,
Susah masuk nya k quintal. Sy sdh pernah ganti password. D coba lagi ga bs masuk. Apa bs d bantu reset?,,
Agar bisa lebih user friendly lagi,,
Masih kurang paham cara klik informasi sehari2 yg seharinya sudah bisa menggantikan sistem manual.buku agenda ,,
"Kalender akademik diperjelas lagi terutama pembagian sibling.. kelas 1 dan kelas 3, kalender akademiknya sama. Lebih sering di update lagi nilai2nya..",,
Sebaiknya untuk materi dan hasil nilai ulangan di cantumkan di quintal  Terima kasih ,,
Jika ada nilai yang baru dipost dapat diberi tanda. ,,
Info nilai tidak terisi. Masih ada yg kosong. Agar kedepannya lebih dapat dilengkapi. ,,
Kedepannya lebih banyak fungsinya,,
Untuk nilai kegiatan tolong dilampirkan hasilnya beserta tanggal kapan dilaksanakkannya..tidak hanya k3 dan k4..bikin bingung,,
"Bisa ditambah untuk : mesenger sarana komunikasi ortu dgn walas (termasuk minta ijin dan bisa upload file misalnya ada surat ijin dokter), data absensi anak , data raport per semester, agenda kelas, pengumuman (semua baik perihal kbm/kegiatan non akademik/jadwal libur/catering dll) sehingga semua sudah bisa diakses hanya melalui quintal tidak perlu sarana komunikasi lainnya. Lebih midah bagi orangtua untuk cek informasi bila semua sudah di 1 aplikasi saja. ",,
"Seperti banyak yg krg update, spt agenda",,
Untuk nilai masih belum terupdate dan untuk ijin masih belum mengetahui caranya dan khawatir infonya tidak sampai ke WK,,
"Terkadang sudah di buka , harus masukin pin lagi. Kalo bisa sudah otomatis, jadi lebih mudah. Terimakasih",,
Sering re log in,,
"Agar lebih mudah di akses oleh anak, bahasa yang di gunakan agar lebih sederhana lagi",,
Lebih dipermudah aplikasi Quintalnya..,,
Untuk link download lbh mudah jika dari google drive.,,
Seharusnya quintal dan aplikasi pemesanan buku dan lain2 menggunakan email yg sama antara pelajar dengan orangtua shg tidak sulit bagi orang tua utk mengingat password dan id anak. ,,
Masih belom terbiasa pakai nya,,
quintal sering tidak update. kadang juga error,,
Lbh baik pakai GC lbh lengkap,,
Mungkin karena sebelumnya terbiasa menggunakan google classroom jadi belum terbiasa dengan quintal. Semoga ke depan nya akan lebih baik lg,,
Quintal khususnya materi pembelajaran kurang terupdate. ,,
Lebih baik lagi kedepannya,,
Mungkin dpt diberikan fitur agar ortu dpt berkomunikasi dengan guru di aplikasi ini. aplikasi ini akan sangat membantu ortu utk mengetahui kegiatan dan nilai anak jika guru2 selalu update info nya. Utk saat ini sepertinya hal tsb masih kurang. Ada bbrp mapel dg nilai N/A. Kamu sangant binggung mengartikan n/a ini.. mohon penjelasnnua ??,,
quintal belum banyak dipakai secara rutin.terkadang kalender akademik tidak bisa diakses ,,
agenda kegiatan tercampur jika mempunyai anak lebih dari 1,,
Agak susah terkadang dan bingung,,
Seharusnya lbhbuser friendly,,
Lebih spesifik lagi untuk materi pembelajaran dan absensi.,,
"Chat ke wali kelas mungkin ya, ",,
Penambahan tugas mandiri berbasis presentasi,,
Penambahan dgn tugas mandiri/ kelompok berbasis presentasi,,
Lebih efisien lagi untuk memudahkan mendapatkan informasi.,,
Lebih efisien untuk memudahkan mendapatkan informasi.,,
di quintal anak saya ada nama anak lain. dan informasi yang di saya tidak sesuai kelasnya. informasi anak kelas lain masuk juga. coba tolong diperbaiki. ,,
Lebih jelas menggunakan google classroom dibandingkan quintal untuk saran penggunaanya.,,
Agar pengguna bisa lebih user friendly karena ketika ada notifikasi tidak bisa di trace via apps jd sangat membingungkan,,
Saya mempunyai 2 anak.tercampur jadi satu.kdg kita bingung.ini utk adim nya atau koko nya,,
Untuk pengumuman mungkin perlu difilter hanya yg berkaitans aja. Karena anak saya SD tapi ada pengumuman buat SMP. ini malah membuat bingung kalau kita tidak jeli.,,
"Untuk penilaian hasil ulangan lebih update lagi, krn jika kosong menjadi nilai terendah utk siswa",,
lebih lengkap google classroom,,
Lebih diperbanyak info yg diberikan ttg kegiatan2 anak disekolah. ,,
Tidak ada informasi agenda anak? mohon untuk ditambahkan. Tmksih,,
Kurang informatif,,
Lebih banyak informasi ,,
Ada baiknya kegiatan kelas berupa foto ato video kegiatan bisa dimasukin ke dalam galeri. ,,
Semoga lebih berkembang untuk lebih memudahkan mendapatkan informasi.,,
Di quintal spy lebih lengkap spt Google Classroom spy anak2 bisa akses 1 aplikasi utk semuanya,,
"Kalo bisa quintalnya jangan di log secara otomatis.. seperti GC, mudah dibuka kapan saja",,
jika bisa jangan di log secara otomatis. terkadang klo mw buka suka susah,,
Sejauh ini sudah sangat bagus menurut saya,,
"Sudah baik, pertahankan saja. Terima kasih",,
Sudah cukup bagus untuk saya pribadi,,
sering tertutup jd harus bolak balik login,,
Saat ini belum ada saran tambahan,,
Quintal anak dapat dg mudah di akses. Quintal ortu sama sekali tidak bisa log in hingga hari ini,,
"Sosialisasi & Training cara menguplod tugas/video untuk nilai sekolah. Jika sudah menggunakan Quintal, GCR di stop saja.",,
Anak anak agar ada sosialisasi penggunaan supaya bisa jg,,
sebaiknya ada sosialisasi kembali agar penggunaan quintal lebih efektif,,
Bisa dilakukan secara berkala Sosialisasi aplikasi quintal dan fitur2nya.,,
Harus sering disosialisasikan,,
Lebih di sosialisasi lagi ke anak" juga,,
mungkin diberi sosialisasi kembali agarbkebdepannya lebih mudah di gunakan,,
"Untuk upload video di quintal, anak” masih bingung caranya. Dan ditanyakan ke guru juga ga ada jawaban. Tolong di sosialisasikan kembali cara upload dll kepada siswa. Agenda siswa per hari dimuat di quintal spt wkt pakai GC agar lebih memudahkan ortu. Nilai jg dimasukan semua, krn skrg ini sy liat tidak semua masuk nilainya. Untuk buka melalui website di laptop, kalau bisa ada pilihan per materi pelajaran. Jadi ketika siswa mau belajar melalui quintal bisa di pilih per mapel..thx",,
Lebih disosialisasikan,,
setiap bbrp waktu ada kesulitan mengakses quintal .dengan notif bahwa usernama dan password expired,,
Kadang suka lupa password dan ga ada yg bisa bantu dengan cepat,,
"Tolong jgn sering eror aplikasinya, saat memasukan password agak susah mesti minta bantuan wali kelas. Malu sering bertanya. Terima kasih",,
Lama ga pakai suka keluar sendiri. Dan aku ga inget usename dan password ,,
Beberapa kali terkendala login dan password yang harus direset,,
Aplikasinya suka logout sendiri dan password ya dikasih sekolah suka keluar nama anak lain padahal bukan anak saya.,,
Kadang tidak bisa akses walaupun user dan password sudah benar,,
N/A,,
"Tidak ada,selama ini lancar,terima kasih",,
Lanjutkan,,
"Sudah cukup baik sejauh ini, hanya masalah log in saja yang masih suka error. Padahal sudah masukkan username dan password yang sesuai. ",,
Kurang tau,,
Kurang tau,,
Tidak,,
Tidak ada saran,,
tidak ada,,
-,,
-,,
...,,
Sdh ok,,
sdh bagus.  ,,
.,,
Tidak ada saran,,
-,,
-,,
Tidak ada,,
Tidak ada,,
Nope,,
Tidak ada,,
-,,
Ok,,
Tidak ada,,
Belum ada,,
Sangat baik,,
Tidak ada,,
Sudah cukup baik,,
 ,,
Tidak ada,,
"Cukup oke, ",,
Puas,,
Sudah bagus,,
Tidak ada thx ,,
-,,
Tidak ada saran,,
-,,
-,,
Cukup baik,,
Sudah cukup baik,,
0,,
Tidak tau,,
No,,
Sdh cukup baik,,
Sudah cukup baik,,
Smtr ga ada ,,
-,,
Sudah baik,,
"Tidak ada saran, sudah sangat bagus dan membantu ",,
-,,
Baik,,
Bagus,,
Tidak ada,,
Belum pernah pakai ,,
Tidak ada,,
Suka susah login,,
Sudah oke smua,,
Sudah oke,,
Sudah cukup baik,,
Sudah oke,,
gak ada ,,
-,,
Sudah cukup,,
Bagus ,,
ok,,
Tidak ada,,
-,,
Tidak ada,,
Tidak ada,,
...,,
-,,
Belum efektif sepenuhnya,,
Tidak ada ,,
-,,
Tidak ada,,
Tidak ada,,
Tidak ada,,
Tidak ada,,
Tidak ada masalah,,
.,,
Tidak ada,,
Ok,,
Sudah sangat bagus,,
-,,
Tidak ada ,,
Tidak ada,,
-,,
-,,
Tidak ada,,
Tidak ada,,
-,,
-,,
Sdh cukup bagus,,
Tidak ada,,
-,,
Sudah cukup baik,,
/,,
-,,
--,,
Sudah bagus ,,
Tidak ada,,
Blom ada,,
-,,
-,,
None,,
Tidak ada,,
Tidak ada ,,
Belum ada,,
Tidak ada. Sudah ok,,
-,,
Tidak ada,,
Sudah sangat bagus ,,
tidak ada,,
--,,
Belum ada,,
.,,
-,,
Tdk ada,,
Tidak ada,,
-,,
Bagus,,
Tidak ada,,
Bagus,,
Tidak ada,,
",,,",,
Belum ada,,
-,,
Sudah bagus,,
Ok lah...,,
Belum ada saran,,
Cukup membantu,,
tidak ada,,
Oke saja,,
Bagus,,
"Tidak ada, selama ini lancar saja aplikasinya,terima kasih ",,
-,,
Ga da ,,
"Tidak ada
",,
Sudah cukup baik...,,
Ga da,,
baik,,
                ,,
Tidak ada saran,,
sudah baik,,
None noted,,
Sudah ok,,
...,,
-,,
-,,
So far ok,,
Good,,
.,,
So far ok,,
.,,
--,,
Sudah bagus ,,
-,,
..,,
0,,
Ok lH...,,
-,,
Tidak ada trima kasih,,
.,,
-,,
-,,
sudah oke,,
sudah ok. ......,,
Belum ada,,
ok,,
Baik,,
Tdk ada,,
Tdk ada,,
.,,
Tidak ada makasih,,
No comment ,,
No comment ,,
No comment ,,
Bagus,,
Tidak ada,,
Belum ada.,,
-,,
-,,
Tidak ada,,
Cukup bagus,,
Cukup ,,
-,,
TIDAK ADA,,
-,,
.,,
Sudah baik,,
Ok,,
Sudah bagus. ,,
"Tidak ada
",,
Ok,,
Sudah baik. ,,
Sudah baik,,
Ok,,
-,,
-,,
-,,
Tidak ada,,
Cukup,,
Cukup,,
-,,
Tidak ada,,
Belum ada,,
Sudah baik,,
Ga ada.... semua sudah baik,,
Tidak ada,,
Tidak ada,,
 ,,
Tidak ada semua sangat bagus,,
Sudah oke,,
Sudah oke,,
-,,
 ,,
Tidak ada,,
Tidak ada,,
Bagus,,
Suka susah login..,,
Tidak ada,,
Sudah ok,,
sdh bgs,,
sudah cukup baik,,
Tidak ada,,
Baik sekali,,
Nn,,
"Tidakada
",,
Tidakada,,
tidak ada,,
tidak ada,,
 ,,
"NIlai academic yg di quintal harus bisa dipastikan kebenarannya, karena saya pribadi pernah mengalami nilai yg ulangan dan yg disubmit di quintal berbeda. Anak mendapat nilai 90 tapi yg tertera di quintal hanya 70, dan nilai raport mengikuti nilai yg di quintal. Otomatis dgn begitu murid dirugikan, susah payah belajar utk mencapai nilai yg bagus tp cuma gara2 kesalahan yg memasukin data nilai di quintal jadi berakibat fatal. ",,
sudah baik ,,
-,,
Sudah baik,,
Belum ada ,,
-,,
Sdh bgs,,
Sdh baik,,
Baik,,
Belum pernah pakai,,
