id,id_processed
tidak bisa check out nyalain lokasi udh nyala piye,-1
check in check out error,-1
gps nya harus dibenerin,-1
lumayan,0
aplikasi force close klik tombol i am understood,-1
akses media apa location suka tidak sesuai,-1
vaksinasi sertifikat vaksin pas check tidak diapp,-1
aplikasi audah bisa si pakai sangat,1
biasa yaa aplikasi bikin negeri mah lot miris,-1
lindung data,1
aplikasi banyak perintah,-1
ya,0
kena tidak bisa masuk y ada baca pih bahsa indo dn asing gitu,-1
tabrak tidak buka unduh aplikasi karena suatu bagi warga negara indonesia,-1
bikin hp jadi error semenjak download aplikasi bug nya tuju aplikasi manfaat tp kelola buruk ganggu nyaman masyarakat,-1
tidak bisa login gajelas,-1
tidak telah pindai barcode batas radius yang masuk akal pergi supermarket menit rumah saya tolong baik,-1
tolong call centre cepat tanggap,-1
susah chek data,-1
sertifikat tidak muncul sudah hubung call centre kecewa,-1
pindai masuk salah tidak pindai jadi kali,-1
vaksin kali tidak bisa lihat sertifikat,-1
gimana vaksin saya tidak sertivikatnya udah email tidak respon,-1
ramah guna,1
tidak tau padahal udah vaksin sertifikat tidak masuk peduli lindung harus bawa kartu vaksin ribet,-1
menu atur jalan tidak update sudah ganti masih atur juli di pake,-1
udah bisa daftar jam standby coba munkin itu ganggu servernya penuh kali ya dari website apilikasinya sama tidak fungsi keep up the good work lupa update review dari yang,1
vaksinasi pemberitahuan sertifikat siap sistem hebat pikir unduh aplikasi tanya pikir guna ktp saya untuk dapat vaksin saya orang asing dan masalah aplikasi ini hanya anggap bahasa indonesia milik ktp status saya masih merah saya dapat sertifikat saya bagus,-1
bug,-1
tidak mesra rakyat guna warga indonesia ada luar suruh ulas email email susah,-1
tidak bisa guna proses install aplikasi henti tuju bijak privacy versi android belum bisa,-1
tidak bisa login keluar hari lalu aplikasi guna tidak temu tidak sudah milik akun peduli lindung vaksinasi bulan lalu saya laku saya sudah coba alamat email yang sama,-1
bagus,1
orang asing darah sistem darah putus orang indonesia,-1
aplikasi wajib online tidak device bisa internet tidak simpan aja sampai internet aktif kirim database peduli lindung,-1
aplikasi rotat set tanggal lahir urut tahun pencet ratus gin aplikasi indonesia,-1
cocok bahwa bahasa inggris sedia daftar nik bagai orang asing tidak bidang bahasa inggris ada ulas bawah tentang ehac tidak integrasi tolong baik segera pergi mereka lihat hasil pcr unggah sana juga milik ini di mal kemarin guna versi baru tetapi tidak izin saya dan saya tidak vaksinasi salah salah saya sudah check in kerja tolong baik,-1
aplikasi ok,1
vaksin luar negeri verifikasi pada aplikasi sertifikat vaksin tidak muncul anda tidak milik sertifikat vaksin,-1
applikasi tidak nih kelas perintah kog masuk aja sulit request permision udah izin bolak situ aja,-1
aplikasi yg syarat seluruh nasional baru buka aplikasi registrasi aja tidak bisa scroll down setealh ceklist tuju kolom check box terms and condition ukur font setting hp ufah kecil di gimanain coba,-1
pas lihat sertifikat vaksin ke interface daftar vaksin cek data di menu nyata sudah vaksin telah tidak menu cari sertifikat vaksin saya tadi aplikasi ini beres buat nya ribet amatt,-1
sudah vaksin sertifikat sudah di aplikasi status vaksinasi merah ubah kuning solusi,-1
hasil pcr negatif antigen negatif status pedulilindung warna covid sulit aktifitas,-1
kunci nikmat era,1
tidak bisa tampil sertifikat vaksin pas butuh,-1
udah vaksin kok sertifikat vaksin tidak,-1
sertifikat vaksin tidak d apliksi d website sdh aplikasi website tidak sinkron,-1
update oktober tidak bisa buka force close tipe hp asus zenfone laser android,-1
bang mohon maap aplikasi kan banget location yah kenapa fungsi dasar aja error sih aja gua mancing pake google maps biar lokasi bener apa lu permission location all the time nyadap doang,-1
email pedulilindungi penuh email tidak kirim,-1
saat scan code pas gps nya tidak bisa,-1
bisa cek out terimakasih kasih,1
tombol tuju lanjut tidak muncul saya kecil font tulis saran komentar orang sudah bolak uninstall reinstall tampil,-1
yg wenang tolooooong tanggap email tentang aplikasi peduli lindung yg error status merah vaksin error buat sulit beraktifitas semua akifitas hrs guna aplikasi peduli lindung yg msh error saya sdh email sdh hub yg cm terimakasih keluh solusi terimakasih kasih,-1
tidak bisa ke isi formulir vaksin sertifikat sudah vaksin always bounch back,-1
vaksin,0
tidak pakai lokasi terus tampil fresh kadang suka ilang tombol check out tidak opsi ganti tema dark mode hemat moga pilih,0
drive bagus,1
bagus,1
aplikasi,1
pantau posisi,0
apk yg cool banget sukses y,1
paksa,-1
susah banget scan qrcode nya,-1
aplikasi sampah diupdate lokasi akurat internet lancar tpi tidak bisa scan qr,-1
tombol i tuju tidak muncul aplikasi tidak bisa guna tidak bisa pls cek dengan display font,-1
suka salah,-1
bisa sy guna,1
bagus,1
akurasi lokasi buruk deteksi lokasi beda banding aplikasi waze,-1
aplikasi tidak dapat dosis status masih kuning jadi hijau dasar penting saya sudah kirim email ini tetapi tidak respons tidak pecah masalah ini penting kami giat jalan bisnis,-1
susah error masa dari radius check in update aplikasi tanggal seprember sertifikat vaksin malah hilang sertifikat vaksin tidak padahal selesai vaksin dosis validitas data statistik beberapa fitur tidak relevan,-1
tolong baik yg sdh vaksin dua status aplikasi tidak ubah hubung call center tidak respon kirim email tidak di respon jujur wajib pakai aplikasi resah masyarakat,-1
kode otp hp email tidak sampai coba kapal nabi nuh tidak kode otp pas sampe menit oadahal kobeksi cepet bravo kominfo kira dalam pinter ini aplikasi perintah umum useless andal tagline birokrasi maklum,-1
update aplikasi malah not responding sy sdh hapus instal sama sy bisa guna aplikasi tsb memory sisa software sdh,-1
aneh bgt sama tidak bisa download,-1
masiih suka nyangkut tidak tombol check out pas scan area jadi tidak bisa check out otomatis radius,-1
aplikasi tidak bisa buka henti halaman pilih bahasa warga negara itu halaman syarat guna tidak bisa scroll mohon baharu,-1
saya centang box tuju syarat tentu halaman tidak bisa scroll down saya tidak bisa login,-1
lokasi deteksi aplikasi tidak,0
tidak bisa unduh sertifikat vaksin sudah vaksin,-1
tidak bisa check in gatau,-1
tidak bisa masuk aplikasi terima centang syarat privasi di layar tsb tidak pindah tidak di scroll,-1
temu aplikasi sulit deteksi gps uras baterai,-1
kecil ukur huruf bisa login klik tuju sertifikat vaksin tidak bisa harus via web,-1
lokasi aktif saya gagal saya,-1
error tulis sertivikat vaksin tidak sedia gitu mulu,-1
aplikasi buruk tidak laku salah fatal,-1
isoman status hitam ubah,-1
isi pilih kolom kendara yg guna pilih airplane ketika disubmit ubah car,-1
ngebug mulu aps,-1
aplikasi buruk,-1
susah didownload,-1
sehat,1
kerja bagus guys,1
saya download aplikasi yg sulit buka akun yg,-1
update reviewnya sudah ubah sesuai saran akses lokasi tidak saat hanya while in use good job pedulilindungi komentar belum baik aplikasi mungkin izin lokasi while in use whole time,1
tidak bagus,-1
dapat versi fungsi sederhana kode qr fungsi,-1
harus disetting huruf dahulu keluar tuju tidak aplikasi yg ukur layar hp buat tambah sulit mohon review update kacau,-1
baik size tombol hp beda ukur cobaa samsung tombol aggrements privacy bawah jadi tidak bisa pencet ketika scan barcode udah saya lokasi muncul error tidak lokasi i hope the company fix this issue,-1
update versi aplikasi tidak bisa buka coba install ulang sama,-1
guna penuh,-1
paksa guna aplikasi tp tidak bisa pakai stuck tidak bisa masuk tidak tulis tuju nya krn tidak bisa scroll bawah dikecilin font nya android update tidak bisa kita tidak bisa terbang tidak bisa pakai aplikasi tolong solusi min,-1
lawak kawan login susah otp tidak dapet tolong doperbaiki gausah deh ui keren nambah fitur esensial benerin percuma desain bagus tidak guna chuakz tolong ban,-1
baik,1
udah complete harus nunggu cuma scan qr code nya tidak bisa suruh periksa jaring padahal gps internet udah oke bukti bisa order ojol buka gmaps tolong baik mau ngakses doang sampe menit banget juga tentu bisa duh,-1
aplikasi bosokkk data lengkap sertifikat tidak padahal vaksin dosis,-1
tidak scroll bagi syarat guna bijak privasi,-1
dapat tuju tombol android sila aplikasi layar penuh otomatis fungsi,-1
aplikasi keri tidak responsif sekali,-1
versi malah susah check in krn lokasi out of radius apps bisa lokasi sesuai dg qr di lokasi tp versi ini tidak bisa set lokasi walau gps on hrs kasih lihat sertifikat vaksin tidak bisa check in pakai apps pls fix it tq,-1
ngatri vaksin nya banget bah berangkat jam pulang jam,-1
masuk mall tidak bisa scan code udh bbrapa kali update ttp tidak bisa scan kecewa aplikasi negara lho tp kes msh amatir,-1
lot,0
aplikasi force close,-1
tidak bisa scroll bawah atas terimakasih kasih tim developer,1
opsi bahasa ui mudah guna akses cepat tidak ada lagi lokasi minta saat tidak guna aplikasi,1
terimakasih telah pecah saya,1
bantu mudah guna terimakasih,1
tidak bisa check out baru check in,-1
sertifikat vaksin tidak keluar udh vaksin tapi sampe bom sertifikat kepake cuman scan kalo pergi mana,-1
aplikasi sama tidak guna pilih bahasa inggris nama itu tidak terjemah bagi paling adalah sertifikat vaksin entah dapat terjemah sertifikat perintah inggris tidak terima ini ada bahasa inggris prancis spanyol belum tidak baik memang coba hubung lalu alamat email anda tetapi saya kembali kali pasti lihat,-1
aplikasi terbit minta hasil pcr sudah saya laku tidak tidak riwayat pcr,0
sulit guna,-1
nice helpfull foto profil tidak bisa ganti,0
tidak bisa scan lokasi aplikasi tutup kali buka menu scan barcode coba install ulang tetap,-1
sulit guna,-1
update gagal check in belum baik,-1
aplikasi kualitas ra therells d songs gae kelas aplikasi,0
kerja baik mudah guna manfaat,1
tolong baik app baru donlod uda aja uda di klik tombol tuju tidak ubah sekali susah orang aja tolong baik uda juga yg protes aplikasi belum baharu yg baik gimana sih,-1
oke,1
gud app to control covid covid should be lenyap from bumi nusantara aamiin,1
dev hapus ulas sertifikat covid tidak kartu anda butuh nomor,0
crash guna saat untuk ehac tolong baik,-1
notif gajenya tidak bisa ilang edit udah fix notif bugnya naikin jd bintang,-1
sangat bantu pulih bumi khusus indonesia moga lekas pulih,1
tidak bisa scrolling i accept ui nya tidak kompatibel beberapa hp,-1
ehac tidak bisa ubah vehicle isi car mohon baik,-1
sertifikat vaksin tidak bisa udah ulang kali input nik nama tetep tidak tampil,-1
bisa sudah wajib guna aplikasi seringkali scan qr code tidak fungsi jadi hambat,-1
layan laknat dana sumber daya manusia korupsi orang kayak orang orang sawah kirim dalem goa kerja handphone kartu sim aja tidak tau udah kayak masuk support minta bantu jawab gatau tidak bisa udah anda aplikasi bikin jg bayar tepuk tangan doang interface kayak sampah udah,-1
untuk kelas perintah daftar loop validasi email tidak aktif tolong developer nya program niat,-1
update aplikasi sertifikat vaksin tidak bisa tampil,-1
terimakasih vaksin dosis dua aplikasi sudah terang sudah dosis dua kenapa tidak bisa muncul sertifikat,1
sy sdh selesai vaksin pd tgl okt tp sp skrg msh dpt setivikat,-1
bagus,1
minggu error,-1
sering error nya,-1
tidak karena aplikasi check out gedung itu tidak temu cek saya dalam sejarah aplikasi seperti tidak rekam saya bisa check out tidak catat ui sederhana hebat fungsi dasar teknis rupa masalah besar aplikasi sampah,-1
daftar vaksin tp nunggu otp no telp pas cek muncul email dah lewat menit coba tidak kode hdehhh,-1
manfaat kontrol tekan dampak corna,1
susah nya,-1
install halaman yg syarat tentu tidak bisa scroll hp seperti semua gimanaa,-1
admin tolong bantu ya smsnya tidak masuk hp trus pas app peduli lindung tidak muncul sertifikat vaksin ini gimana ya sdh vaksin tetulisnya sdh vaksin tolong bantu,-1
syulid bikin ehac error,-1
sudah vaksin sertifikat yang peduli lindung namun aplikasi nya keluar sertifikat tolong baik,-1
mudah guna,1
baik,1
aplikasi sangat sedih bahkan tidak lihat aplikasi harus oleh perintah kirim email prihatin hadap layan langgan tidak guna tidak jawab whatsover mana anggar masuk dompet,-1
kuat telah logo pedulilindungi muncul,-1
ampas aplikasi kirim sms otp aja tidak bisa bisa udah gunta ganti make nomor juga tidak bisa,-1
trouble scan qr lokasi semenjak update aplikasi bagus versi tolong baik,-1
vaksin dosis status kuning,-1
tolong baik mau masukin nik tidak bisa tulis nya dengan ktp saya punya ktp,-1
update gagal kalau check in,-1
bisa login bas kali coba kode otp kirim nya telat kenapa check in apk pedulilindungi engga bisa kalau pakai aplikasi online shop bisa langsung check in,-1
selalu baca log in dibtempat saat scan kantor tidak opsi check out cek koneksi update tetap aplikasi belum matang,-1
aplikasi bagus,1
bagus,1
baik deh karya anak bangsa,1
aplikasi aneh dari yk pontianak pilih pesawat eh malah mobil edit pesawat tidak bisa aplikasi aneh lucu,-1
aplikasi tidak guna bikin baterai hp cepat habis,-1
ini bagus,1
telat verifikasi harus ulang verifikasi alur daftar bingung tidak tunjuk jelas,-1
buruk,-1
yoo the man datang tidak sejarah jalan berapa kali pasuk mal bangun tidak taruh gambar saya di profil,0
oke,1
jelek tolong fitur karna tiap kali buka apps tidak sesuai lokasi itu jga jdi hrus tunggu merestart location service pun appsnya,-1
lapor sert tidak out,-1
menu hasil tes covid nya hilang belum muncul,-1
apk sangat terimakasih kasih peduli,1
login guna desktop pc tidak bisa pakai login hape android android aplikasi bisa kirim otp tapi aplikasi tutup jadi tidak bisa menginputkan kode otp proses login aplikasi force close telah kirim otp buka aplikasi masuk ngirim otp force close demikian updated ubah bintang applikasi bisa pakai,-1
karya anak bangsa good job,1
desain bodoh nik dalam sistem masih untuk masuk dan bahkan orang awam tidak rancang bodoh itu,-1
app tidak asal banyak error,-1
wajib install peduli lindung tp website pcr result tidak masuk lg tidak otp tidak pagi fibandara jd,-1
gimana sih bikin aplikasi tidak test semua device android beri tanda tuju bijak tombol next nya,-1
gimana sih sdh bbrp install ulang tetep tidak bisa masuk peduli lindung emang hrs beli hp yg utk bisa masuk tolong donk dipikirin pademi kyk gin suruh beli hp daripada beli hp uang buat makan payah peduli lindung tidak mensupport rakyat yg ke liat tengah aja,-1
saat saya keluarga wna tidak pasuk status vaksinasi merah aplikasi kita sudah selesai vaksinasi sini kemlu wallough tunjuk sertifikat vaksin tetapi tidak pasuk yang tuju mungkin sertifikat vaksin guna nomor id kitas pada aplikasi pedulilindungi guna nomor paspor sudah kirim email otoritis masalah kami tidak jawab tolong ubah,-1
apps jelek sertifikat vaksin udh daftar tidak,-1
tidak akses sertifikat vaksin eventho data tunjuk vaksin saya sudah coba kali sila baik,-1
data tidak update,-1
download aplikasi tiap masuk keluar lokasi deteksi saya tidak nyala vpn tidak guna aplikasi fake gps saya coba install ulang tidak bisa,-1
problem aplikasi diinstall samsung prime lebar layar inch aplikasi jalan buka halaman tuju engga bisa discroll bawah engga bisa klik ok tuju mohon baik udah baik diupdate bintang,-1
tidak bisa download sertifikat tidak muncul nik tidak daftar,-1
aplikasi henti tidak bisa akun aplikasi langsung stop sdh coba instal ulang,-1
update versi status vaksinasi saya warna hijau karna saya vaksin dosis beda lokasi vaksinasi dosis dosis telah update versi status vaksinasi warna kuning nyata laku vaksin dosis di menu sertifikat vaksin muncul sertifikat dosis sertifikat dosis tidak sinkron menu status vaksinasi menu sertifikat vaksin,-1
gimana abis udate layar accet agreement tidak bisa scroll pikir hp layar gede ya,-1
login tidak bisa gimana,-1
hampir minggu vaksin periode tidak sms notif juga cek via tidak sertifikat hmmm,-1
ingin cek sertifikat vaksin tidak bisa,-1
saran aja kak otp sms mgkn lbih baik pindah ke wa telegram tetap guna sms mgkn request ulang otp code nya bisa ditmbahkan menit saya request otp sms tidak masuk mgkn guna kurang antri kirim sms tidak mgkn request ulang sms hapus request,0
daftar vaksin tetapi sertifikat vaksin tidak deteksi,-1
aplikasi nya lbh bagus versi notes bug pilih icon travel regulations aplikasi crash,0
update aplikasi force close susah akses,-1
ok ok,1
aplikasi bodoh,-1
ui sederhana lebih baik lebih cepat oke,1
negara bisnis rakyat,-1
perfoma tapi tampil tidak nyaman jangkau fitur opsi serasa pakai kurang nyaman,-1
susah bet bikin ehac programmer alam validasi bikin bingung user,-1
certificat vaksin tidak muncul sudah vaksin lengkap,-1
rumah sekali ke mall scan peduli lindung status hitam vaksin lama gimana ya solusi sy dan tidak bisa status nya hitam,-1
muncul notifikasi lokasi deteksi tidak pakai lokasi pake google map lokasi saya kirim email isi screenshot alamat email yg saran sudah lebih tidak baik perintah tidak yang sanggup aplikasi yg serah swasta kalau pakai tenaga asing paksa pakai sdm perintah yg tidak ingat aplikasi wajib lho kalo masuk ke banyak,-1
tidak bisa scroll,-1
saya update aplikasi pedulilindungi bersi saya bikin ehac terbang saya pilih airplane selalu ubah car preview ulang itu ini hambat proses verifikasi bandara,-1
seringkali salah rumah akun saya selalu,-1
good applikasi,1
dapat kartu hijau untuk tinggal eropa,0
tolong hilang fitur automatic check out,-1
manfaat,1
baik referensi bagus youtube channel mas kukuhaldy judul tutorial redesain aplikasi peduli lindung figma sederhana fokus butuh utama jalan singkat antri,0
daftar vaksin tidak bisa aplikasi website loading mulu di atas menit belum kelar jari signal tidak masalah dengen yang,-1
bagus,1
orang asing tinggal indonesia tidak masuk vaksinasi anda tanpa nomor nik nomor nik orang indonesia harus milik opsi nomor paspor saya tempat bahasa inggris untuk bahasa bagi masih bahasa indonesia,0
belum vaksin alas sehat baru vaksin coba daftar vaksin aplikasi saya tidak bisa telah periksa nik saya juga coba websitenya tapi tetap tidak bisa,-1
gagal check in mulu tolong baik sistem sulit doang tidak manfaat,-1
tidak terima email tiket vaksin saya coba,-1
tidak bisa payah aplikasi nya,-1
gogle tidak bisa buka aplikasi,-1
program luar,1
versi macet android versi fungsi biasa,-1
maju bantu tahan mungkin tingkat,1
tidak bisa buka hp keluar trs payah pedulilindungi,-1
bagus sederhana cepat fungsi mudah,1
gimana sih habis diupdate tidak bisa masuk sekali orang tidak bisa giamana sih ih edit developer kasih mohon baca email komplain ya situ cara perinci kenapa aplikasi tidak bisa pakai tidak ada efek soal size text hp aplikasi terus crash tolong baik orng jadi hambat aktivitas,-1
sempurna,1
parahh aplikasi nya tidak bisa buka,-1
oke bisa daftar punya akun makin keren aplikasi,1
hp samsung pro aplikasi klik tuju scroll bawah tidak bisa soluai nya,-1
salah halaman login saya terima cek daftar tidak fungsi pergi pagr tolong selesai begitu orang tidak masuk id,-1
bug benerin atuh woy bikin ehac di jenis kelamin gue naek pesawat drubah mobil dn klo gw bkin ulang tidak bisa next scan boarding pass manual udah ehacnya edit crash,-1
aplikasi buruk,-1
aplikasi bagus,1
update izin lokasi baru pakai saat aplikasi guna input validasi telah mutakhir user interface makin user friendly gerat work,1
hari jadi versi tampil baru check in lancar lihat klik menu nya cepat moga bagus ya belum checkin tidak terima checkout kaga bisa klik certificate nya main maklumsihtapikesal moga baru tidak susah check in yaaa terimakasih kasih,1
aplikasi bodoh untuk mutakhir kemudian tidak buka tingkat instal ulang aplikasi tidak buka instal ulang masih tidak buka sekarang tidak bisa pergi mana hebat,-1
kelahi,0
sms verifikasi tidak ada isi data daftar vaksin udah coba kali kali minggu coba tidak ada sms verifikasi ya tidak dong tanda kan mati nunggu masukin noror verifikasi,-1
ui ux sucks,-1
update versi lebih ringan smooth,1
satu,0
tidak bisa masuk data anggota keluarga yg,-1
salah tinggal,0
tidak unduh,-1
sudah vaksin tp status tulis vaksin wrn statusny mas merah mohon ya baik,-1
zona resiko hilang update balikin yg juga bagus dibandingin yg,-1
alam buruk pindai sangat buruk lokasi tidak aktual tolong lebih baik,-1
yawaha,0
radius maksud deh scanning aja ribet,-1
susah harus buka ulang hendak log in log out tidak praktis,-1
bagus,1
edit ehac tidak bisa padahal data yg masuk tp hasil data yg tampil salah,-1
tidak bisa masuk mentok pilih warga negara muncul term of use and privacy policy udah ceklis eh next nya bawah layar tidak bisa geser,-1
mulai baik tingkat,1
bantu,1
aplikasi bagus saya tidak bisa isi fto profil,0
bintang edit lima saat sudah update versi yg selasa pagi nov login kode otp mudah cepat saya terimakasih yg utama gps tidak aktif sudah aplikasi tutup good joob,1
alhamdulillah bagus,1
tidak info jadwal vaksin sih kesal soal,-1
bamyak fitur yg tidak fungsi,-1
tidak bisa cetak sertifikat vaksin ya di klik kali kali tombol nya tidak fungsi,-1
tolong benah aplikasi tidak kerja error akibat sulit masuk lokasi saya kerja lokasi terimakasih kasih,-1
oke,1
harus aplikasi untuk deteksi gera henti data tidak andal tampil vs reality vaksinasi tidak tampil vaksinasi aplikasi serius app fpr serius lelucon,-1
muncul no internet connection sertifikat vaksin tidak muncul sudah vaksinasi yg,-1
error jamaah bandara payah aplikasi,-1
stelah tuju and terms ceklis apa tidak tombol interaktif,-1
a mal samil,0
susah,-1
error larang pasuk gedung negatif baik aplikasi,-1
tidak bisa lihat sertifikat vaksin pedulilindungi klik check isi data tapi henti step tidak bisa ke step edit replay saya tidak temu paspor digital di halaman utama aplikasi peduli lindung saya,-1
versi tidak jalan beberapa hp androif,-1
tidak bisa download apps,-1
semenjak pelindungdiri tidak tau handphone suka restart proses buka aplikasi home lama tuju aplikasi baik dapat paham,-1
lokasi deteksi laku hal on off opsi kembang tidak guna aplikasi pikir integrasi basis data sktt nik asing milik telah pada tanggal november hanya milik lokal asing telepon ketika logoff tidak bisa masuk tokopedia gopay lebih baik dapat andal saya kirim email balik,-1
app pedulilindungi jadi praktis,1
perintah manasi aplikasi,0
telah update sertifikat vaksin ilang tidak pdhal lg butuh,-1
repot undang virus harus scan qr code lagi aplikasi d bbrp hp tidak bisa,-1
update ui jelek,-1
dah daftar vaksin app dr tp tidak pemberitahuan dan,-1
tidak lanjut tuju,-1
aplikasi noraaakk hasil positif tidak ubah pcr dgn hasil negatif susah orang aja,-1
habis vaksin tapi serifikat tidak muncul aplikasi udah masukin data ulang kali aja,-1
aplikasi tolol kadang tidak tidak bisa orang aja,-1
aplikasi jelek diupdate malah jd tidak bisa login scroll di privasi guna login tidak bisa kalo masuk wajib scan app tidak paham sih developer app niat tidak ngurus app nya krn banyak bug yg hambat app penting wajib moga lebih baik tidak kendala lg lain,-1
aplikasi buruk tolong baik aplikasi karena tidak lihat sertifikat vaksin,-1
tidak bisa lihat sertifikat vaksin klik tombol sertifikat vaksin kembali halaman periksa data,-1
semua check in nya gagal check in,-1
ba ji ngan lahhhh gua paksa donlot ginian sampahhh jan cukkk atur sial vaksin tidak,-1
malah keluarin aplikasi suruh login ulang suruh ngisi rumput kotak tuju malah tidak bisa di scroll bwah lanjut ini,-1
pilih tanggal lahir tidak praktis khusus pilih,-1
sertifikat vaksin sudah minggu tidak di web sdh,-1
update yg update performa tidak bisa login product jadi paksa kerja tri yg bener donk bikin aplikasi wajib harus dipake rakyat pake uang rakyat kualitas jelek tri kalo tidak bikin aplikasi bagus bayar swasta aja macam yg bukti,-1
ok versi sudah tidak akses gps,1
ok kdg applikasi nyangkut scab lokasi,0
mks kak,1
menginstalnya tiap kali menginstalnya salah tidak fungsi normal dan sekarang tidak dapat menginstalnya terus tunda saya tidak percaya aplikasi sampah jadi referensi selamat publik,-1
syarat guna bijak tuju kotak tuju centang layar tidak bisa dinaikkin proses mohon saran updatenya baru,-1
informasi atur jalan aplikasi update update tulis september atur aspek rasio tampil antarmuka mulai guna aplikasi tidak dinamis beberapa guna hp sulit login tidak bisa tekan tombol bawah,-1
serifikat vaksin lama vaksin ada abis vaksin sertifikat prtama ilang sertifikat tidak dpt dpt respon kasi tau liat sertifikat apa ngasi tau saya udh tau biar liat pinter gausah suruh telpon udh tidak angkat,-1
mau masuk stuck syarat guna repot,-1
tidak uda d checklist syarat ny tau tidak bisa d akhirny bisa donlod ulang,-1
sampah buka sertifikat,-1
tidak bisa login sdh bisa login,-1
tidak bisa buka aplikasi,-1
t gulir tuju tombol,-1
lokasi mulu,-1
kerja sangat baik tidak masalah sekali operasi aplikasi keren aplikasi,1
terkadang acau,-1
aplikasi buruk pernah,-1
cepat mudah guna simpel tidak makan memori,1
aplikasi apa yg vaksin luar negeri guna passport mau data pedulilindungin yg nongol suruh masuk nik ada pilih nik passport pikir rakyat indonesia di dal negeri baik itu aplikasi nya warga indonesia yg luar negeri bisa transfer data vaksin guna passport suruh masuk nik gimana yg vaksin guna passport masak kita harus vaksin ulang guna nik gitu,-1
tidak guna,-1
travel regulationnya tolong update min tampil yg sederhana bagus,1
aplikasi nya tidak bisa scroll,-1
sertifikat vaksin tidak temu krn nik salah vaksin bisa access sertifikat nik mah nomor hp betul aktif hari telah vaksin trnyata data salah aneh telp cs sibuk tidak bisa kirim whatsapp adu jg tidak jawab bulan sampai skarang tolong serius tanggap dan tunggu solusi terimakasih,-1
guna telah tuju syarat tombol login sign up tidak terimakasih kasih,-1
signal,0
hasil test covid aplikasi hilang jadi bagi sy waktu chekin maskapai untung sy screen shoot hasil testnya,-1
terupdate otorisasi update tampil ubah total makin susah scan qr code nya fail terus scan qr semenjak update,-1
tidak bisa hp layar inci suruh klik i tuju tuju layar tidak bisa geser atas tidak bisa klik bad design,-1
accept button nya manaaaa pilih warga negara tombol nya tidak ngawur regulasi yg susah kerja org,-1
aplikasi buruk sudah coba konfirmasi saya vaksinasi aplikasi terus saya konfirmasi,-1
susah,-1
tidak unduh sertifikat vaksin ketika laku periksa kartu id status valid absurd bodoh guna standar nasional harap dan basis data anda dan buat ui lebih baik tidak otp dan dengan login lansia tidak paham,-1
tidak bisa operasi,-1
anjing baik,0
useless perbaikin bugnya tidak bisa daftar gajelas,-1
error,-1
kerja sementara tetapi selalu merah tidak vaksinasi tetapi bawah status vac?ne dua sertifikat,0
tidak bisa download sertifikat,-1
kali ingin check out tempat keluar aplikasi ketika kembali aplikasi tidak check out tempat saya nyala lokasi ot bahwa sesuatu salah lokasi dan juga kode otp kirim pesan selalu lambat,-1
tolong guna padan bahasa indonesia istilah asing scan pindai home beranda diary hari qr code kode qr terimakasih kasih guna riwayat history,0
otp otp otp otp otp otp,0
tidak bisa masuk tanggal lahir,-1
user experience nyaman,-1
oke,-1
tidak bisa scroll bawah klik tuju buat daftar baik bug nya,-1
maaf beri bintang krn saya scroll bawah tuju syarat bijak tidak bis stagnan situ mohon solusi bila sya buka aplikasi peduli lindung minta ulang status wn cape dehhh,-1
perlu aktif lokasi guna respons otp lama,-1
bad adalah bbrp kendala suka check out baru check in check out mau check in tp gagal krn titik lokasi tidak lokasi lokasi diupdate tolong baik ya,-1
eh tolong hasil downloadan sertifikat vaksin direct keman ya kasih tau harus nyari ngecekin folder,-1
error running app bikin data boros permission nya bikin data bocor,-1
tidak kerja,-1
kontak email tidak fungsi sertifikat vaksin hanya data sudah selesai vaksin bulan lalu,-1
logout paksa gagal scan qr pesan sesi habis mau login tidak bisa mentok layar tuju guna user agreement centang tuju tp tidak ubah tombol next pindah laman juga tidak kalau app emg belum stabil tidak bilang sudah update sudah update yg baru benerin tidak banyak cingcong wajib make tp tidak bener,-1
update aplikasi malah tidak bisa akses aplikasi sekali anggap daftar terang salah sila coba bagaimana solusi update nov wib coba daftar ulang gagal mohon baik karena menganggu saya update nov wib aplikasi sudah bisa guna baik terimakasih kasih,-1
notifikasi hilang udah ulang kali restart tetep tidak muncul check in tidak bisa bilang tidak radius posisi dan barcodenya mas deketan masih bisa scan tidak bisa scan barcode hmmm,-1
sering error nya pada fungsi,0
payah bgt aplikasi dipake scan location tidak terus sinyal bagus location hp udh bener mesti ulang kali saya pagi kalo check in kantor baru tidak ini aplikasi,-1
henti fortunetly,-1
tolong tingkat itu scan qr tengah mati scan kode tulis radius tiap saya via qr,-1
tb logout sndri aplikasi babi,-1
download ingin daftar tidak bisa muncul salah coba telah coba tidak bisa harus gimanaaa,-1
aplikasi tidak bisa guna scan barcode kuota tapi tidak bisa check in cek bukti vaksin minta isi nik data isi lengkap isi ulang malah notif salah padahal data nik yg masuk lengkap,-1
udah akun selalu masuk login sudah pakai email yg daftar tidak bisa login,-1
ca even login to this app keep saying salah silah coba,-1
salah waktu coba masuk usaha pindai barcode selalu pemberitahuan habis radius istana posisi benar google map dan tidak buka aplikasi jadi saya uninstalasi dan putar ulang di ponsel saya tetapi saya tidak bisa verifikasi email email saya begitu banyak yang coba dan gagal baik,-1
beban aplikasi adalah lambat,-1
tidak masuk ubah perangkat,-1
aplikasi bagus sih tp ya suka error,0
apps buruk baik hapus aja google waktu orang apps gagal apps loading forever org emosi,-1
tidak daftar coba daftar pesan salah bahasa indonesia muncul orang asing coba terbang indonesia saya harus guna aplikasi keri orang indonesia laku baik kerja baik,-1
tidak regist aplikasi tidak guna aplikasi kata telah otp kali fakta saya tidak pergi halaman otp lol,-1
aplikasi suka tidak bisa akses saat servernya diupgrade,-1
telah tidak bisa dipake,-1
update tidak bisa pakai launching update tidak test kali ya,-1
log out waktu log in ulang tidak daftar,-1
halo kemenkes sy ide apps buat kompetisi jalan sehat hadiah indonesia yg bisa tracking langkah jumlah biar sehat juga imun terimakasih ya,0
aplikasi idiot banyak bug saya tidak guna baik,-1
aplikasi tidak bisa masuk menu itu sendiri harap baik,-1
error bgst,-1
aplikasi tidak ubah update bener error mulu,-1
gile lu ndro kaga nge scan apps buang buang gw ajh gate udh restart hp kaga mempan,-1
update jadi lol lot lebih baik lama mohon baik,0
aplikasi error,-1
mau implementasi transjakarta mohon relook ya kerja app nya bisa cepat sering banget tinggal busway check in dlu tj checkin gagal karna app dan qr nya jg tidak bisa scan,-1
susah,-1
diupdate lama connect servernya,-1
informasi yg input bisa ubah ya app sangat tidak bisa andal verifikasi nama nik perempuan eh summary tidak itu opsi airplane detail sudah isi lengkap car jam terbang jg ubah saya coba edit tidak wtf gmn bener tracking covid aplikasi yg pakai aja tidak banyak korupsi anggar aplikasi sampah aja,-1
rusak pun program aplikasi harus pikir pilih hidup yang buruk,-1
nama lengkap bilang tidak valid lokasi selalu nyala tidak opsi langsung aju data informasi saya vaksin versi opsi cek zonasi hilang sulit check in di luar radius,-1
butuh yang untuk koneksi hasil pcr,0
baik menginstal ulang aplikasi masuk telah baru tidak bisa saya itu ubah pergi mobil saya etik jalan pesawat formulir harap dukung kembang laku jika milik yang,0
tolong fitur log out scan barcode,-1
tolong developer jitak data masyarakat udah vaksin sertifikat sekarang tidak ilang gimana,-1
instal daftar cek list syarat tentu stlh ngeblang tidak respon,0
tidak bisa isi kolom tanggal ulang coba tidak hasil saya sudah tidak nyala menginstalnya tetapi tidak hasil anda milik solusi itu itu buat saya jengkel frustasi,-1
perintah otoritas jadi pindai status sehat belum pasuk gedung balik,0
aplikasi sampah bug,-1
kerja bagus hidup,1
update hp infinix tidak ubah tolong periksa thank you,0
data vaksinasi belum idak terupdate masuk nik nama bilang tidak terdftar semnatraa sudha sertifikat vaksin rs y saya laku vaksin aplikasi muncul nama org tolong baik sistem ambil dukcapil data jangan salah guna saya hubung dan email sertifikat peduli lindung tidak respon nomer ekstension sibuk jam pun di telpon tidak,-1
aplikasi bagus bisa dark mode lebih nyaman mata terimakasih kasih kerja keras salam,1
repot,-1
sorry to say guna aplikasi tuh sih udah tidak uptodate ngisi tanggal lair aja mustii mundurr jauhhh gimana sih tidak canggih rugiii,-1
rusa alias error,-1
bagus simple mudah guna,1
kagak bisa pakai lokasi lokasi,-1
muat,-1
seluruh bagus masalah tidak gulir layar pertama kali pilih bahasa mis samsung j series,0
update vaksin hilang hasil kerja asn sampah tidak kompeten,-1
data hadap sama,0
aplikasi buruk pernah tiap kali coba itu tunjuk pindai kode qr gps aktif lebih baik baik sederhana,-1
status di aplikasi selalu merah sudah vaksin kali tidak kontak erat rumah hijau tidak kena covid tidak kontak yg bisa hubung selesai maaalah akibat selalu tolak masuk fasilitas publik rugi kembang tidak informasi jelas ttg cara bantu hal sudah kirim email tidak tanggap kesal,-1
urgen aplikasi tidak sepenuh full layar pas daftar tidak bisa login bagi layar harus pencet tidak masa gitu atuh neng,-1
sergap,0
app asw,0
tidak bisa lihat sertifikat vaksin suruh masuk nik nama,-1
kerja baik,1
aplikasi tidak guna turis siapa tidak milik id indonesia tidak vaksin covid yang anda milik luar negeri uji covid catat aplikasi tidak guna tidak begitu tetapi besar seperti bandara restoran aplikasi untuk guna paksa kerumit tidak sudah dukung bahasa inggris baru,-1
wew tidak bisa pakai hp,-1
mudah,1
tidak masuk,-1
force close check out gps mati,-1
tidak bisa masuk logout aplikasi telah centang kotak dengan tentu guna bijak privasi tidak gulir bawah dapat tombol tuju lanjut layar masalah dari telepon dari aplikasi saya saran untuk baik mungkin aplikasi guna atur,-1
bagus,1
respons sangat lambat,-1
tidak bisa check in bilang luar area gps d nyala sudah coba tmpt mohon baik versi padahal tidak,-1
sertifikat vaksin,0
bagus,1
sertifikat tidak,-1
banyak salah,-1
kerja bagus baik baru,1
baru tidak tombol kirim tuju warga negara indonesia,-1
sertif vaksin tidak gambar sudah november sudah vaksin mei,-1
relatif manfaat izin usul aplikasi lebih bisa manfaat apabila integrasi pmi kait info catat donor darah donor recording donor darah donor bisa digital terimakasih,0
tombol tuju tidak lihat hape asus zenfone laser layar tidak bisa klik tuju masuk aplikasi sungguh buruk buah aplikasi buat uang rakyat silah baik maksimal tidak orang punya hape layar lebar jidat,-1
guna tidak temu,-1
design app nya bagus tg yg ko mundur,-1
aplikasi buruk tidak dukung,-1
tombol tuju potong tidak bisa klik tidak bisa login versi aplikasi software hp sudah versi baru,-1
saya stuck term and condition yg versi kemarin lbh baik,-1
tempo sertifikat caksin ada cek malah hilang harus masuk nik melulu cek tolong baik donk bugnya susah,-1
jelek,-1
oke,1
otp pakai no hp gagal pakai email otp tunggu jg tidak email yg tidak teknisi yg bisa baik tidak pegawai yg bisa baik buat bikin aplikasi,-1
aplikasi customer service parah jawab tidak silah faskes silah klinik klinik faskes biasa tidak ada masalah letakny peduli lindung tidak terimakasih input solusi bisa kasih dbwh bintang akan sy beri bintan,-1
aplikasi dan layan langgan paling tidak guna,-1
tidak erti mungkin gagal unduh aplikasi tidak bisa lang jauh minta saya pilih asing lokal tetapi telah saya pilih terima syarat tidak dapat gulir masuk aplikasi daftar indonesia force untuk guna aplikasi tetapi aplikasi tidak fungsi,-1
gagal kali sesuatu gps telah hidup mati gps ribu kali tidak fungsi butuh baik maaf,-1
abis pencet tuju privacy policy trus tidak bisa tolong susah orang sekali,-1
tolong ada salah input hasil tes sudah baik mohon status langsung ubah hijau hitam lama hal sangat rugi guna tidak bisa unjung fasum,-1
udah vaksin dosis status,1
gagal laku proses sulit guna kantor utk masuk kerja harus berulangkali laku bisa sukses terkadang bisa ubah gagal harus ulang padahal sudah sukses,-1
bagus,1
aplikasi rusak tidak bisa sertifikat vaksin,-1
error aplikasi maintaince atuh,-1
buruk,-1
tidak login tutup otomatis,-1
aplikasi bahkan tidak buka,-1
scan barcode suka error tidak bisa harus ulang,-1
mantap,1
vaksin tp check in warna merah belum vaksin nik benar ada sertifikat jg,-1
aplikasi suka error lot,-1
bagus,1
pernah sms utk download sertifikat namun sms link sertifikat hapus di aplikasi cuma muncul vaksin namun tak temu sertifikat tidak sinkron sms,-1
beberapa bahasa inggris nik terima angka nik keluar milik surat,-1
nomor hp tidak bisa daftar pedulilindungi nik sudah regitrasi,-1
terimakasih kasih atas umpan dari versi utama kena akses izin lokasi ui versi juga mudah guna,1
check in susah banget selalu luar radius lokasi aktif belum masuk mau check out susah ampun untuk aktif lokasi lokasi aktif,-1
loadingnya pas update tidak update udah doqnload mas gjls well,0
aplikasi bagus,1
bagus,1
tampil lebih user friendly,1
update lebih user friendly memudahkannutk cari fitur yg guna coba lihat jika error gps uodate lokasi akan lihat,1
sertifikat vaksin tidak padahal udah vaksin kali,-1
bagus mudah guna,1
tidak lihat sertifikat vaksin handphone,-1
aneh,-1
review hapus kenapa ya ini review asli bintang aplikasi tidak bisa buka muncul lokasi deteksi fakegps tidak nyala mock location disable coba dibenerin aplikasi gimana pakai buka aja tidak bisa,-1
sertifikat vaksin tidak bisa lihat sudah vaksinasi maret april,-1
kadang aplikasi tidak kirim kode verifikasi login error isi ehac jenis kendara pilih ubah mobil,-1
nafsu,0
bagus,1
setting date lain ribet lambat data tidak jaga sdh vaksin pakai pcr lg useless apps,-1
tanya min android tidak bisa pakai pedulilindungi,-1
vaksin sertif merah call center tidak bisa hubung trus gimana,-1
tampil trbaru simple lebih bagus scan gampang,1
sampah tidak bisa login dah baca ampe khatam tetep tidak bisa,-1
mohon maaf belum nya hasil test pcr tidak muncul apk peduli lindung klinik sudah daftar lab nya pas cek kali alami macam belum nya saya tidak perna alami saya laku terbang selalu test pcr untuk kali kenapa tidak muncil apk peduli lindung sistem klinik nya dri sistem peduli lindung nya server kena inputan dari lab peduli lindung,-1
tidak bisa check out tidak bisa tpt tolong baik,-1
aplikasi buruk,-1
tolong donk update bisa buka android terimakasih kasih,-1
gimana sih ya download versi aplikasi malah tidak bisa buka hp sy coba uninstall trus install ulang tetep stuck menu terms condition abis mental kembali layar home duh tau gin gausah update deh please response nya gimana hambat kerja ini aplikasi,-1
anda jalan latar saya,0
susah,-1
jelek aplikasi check in check out banyak error nya lemoott woiii,-1
upeate nya banyak trouble,-1
ngebug malah bikin kalau bisa aktif checkout otomatis nya jadi tidak check out manual,-1
guna banyak dan,1
banyak bugs lokasi seringkali tidak akurat sebab tidak bisa check in masuk yang tuju,-1
bagus,1
bug,-1
terimakasih info,1
bug,1
suweeee verifikasi laku,0
lot bener,-1
coba unduh selalu jebak,-1
mulu aja tidak gua check in scan barcode silah tunggu speed gua kenceng gua check out gps meleset mulu tidak bisa check in check out jadi ui amat aman identitas dll kurang apa aplikasi,-1
bintang aplikasi macet layar splash terimakasih kasih tuhan izin lokasi baik,1
update data hilang jarus dr lagi,-1
apk peka,0
oke,1
tolong itu mudah,-1
sertifikat tidak muncul,-1
top free paksa downloadnya,0
kalo udah login beda tidak logout tidak bisa login,-1
aplikasi hebat,1
sertifikat vaksin saya tidak muncul,-1
maaf aplikasi tidak bisa d buka ya,-1
checkout tempat error force close mohon cek,-1
nik kartu vaksin ktp beda registrasi vaksin guna copy ktp sekarang tidak bisa check in mall lokasi kerja masuk area mall,-1
bantu mudah guna,1
kode otp tunda saja kedaluwarsa sayang sudah vaksin aplikasi tidak data sistem sucks tulis layan langgan tidak dapat balas solusi pun,-1
anak belum vaksinasi sertifikat vaksin untuk sinovac peduli lindung aman data apa dia tidak bisa daftar vaksin pfizernya ini telepon call center kali tidak tubuh dapat jawab dan solusi makna kecewa catat tidak jawab beberapa upaya,-1
aplikasi anzing,0
dakjal haram yg saranin wajib dibully menuhinruangan,0
versi baru sudah lebih baik versi beberapa baik homescreen user profile flow user menu pisah wni dgn wna good job,1
tidak bisa login tampil awal tidak bisa,-1
salah data terus tidak bisa baca barcode masuk mall lokasi,-1
aplikasi paksa wajib pakai pelosok kampung lambat bahkan sampai tak bisa di akses,-1
aplikasi buruk pernah guna tutup jeda bug lama pindai kode batang aplikasi,-1
mau scan lokasi masuk gagal,-1
regis keras tidak guna tidak tanggap,-1
tidak bisa login layar ui nya tidak uset friendly,-1
tidak bisa d pakai d hp vivo,-1
mudah belum,1
oke mayas ngeredin,0
aplikasi baru sebal coz tidak bisa pindai kode batang,-1
sekali error akan scan qr code tempat dan lambat,-1
instal kali kali ttp aj tidak bisa buka samsung galaxy daftar doank abis aplikasi has stopped,-1
laman bijak privasi tidak bisa discroll sekali,-1
kali kali ganti gender udah save ttp aja muncul nya tidak sesuai vehicle type otomatis car ganti moda transportasi eh tidak bisa apa harus tulis car aja pesawat biar bisa submit ehac gender saya jadi tidak sesuai jg hadeh,-1
tampil bagus yg versi nya nyesel update versi,0
aplikasi sampah pls baik ganggu,-1
aplikasi rugi salah perintah tidak input data masyarakat rugi tidak bisa krn data tidak di aplikasi sy mall tidak dibolehkn msk alsnnya data tidak di aplikasi pdhal sy sdh vaksin sertifikat sy email pdli lin tp smpi skrg data ttp lama data sy tidak diinput tugas lama sy tidak bisa,-1
sampah,-1
aplikasi perfect buat bisa mencaritahu zona yang kunjung aman tidak pedulilindungi sedia passport digital sertifikat vaksin registrasi vaksin saya rasa bantu aplikasi request saya sudah tangan updatenya hasil baik terimakasih pedulilindungi,1
error aplikasi crash udah location restart hp aplikasi tidak ngaruh,-1
lokasi deteksi lambat,-1
kerja baik tidak lihat sertifikat vaksin itu bahwa saya sudah vaksinasi kali saya tidak lihat sertifikat harap baik,0
tidak bisa lihat tombol tuju,-1
sertifikat vaksin tidak bisa lihat input nik nama muncul tulis vaksin tapi tidak bisa continue saat klik sertifikat vaksin langsung arah page kosong sertifikat vaksin tidak bisa klik lagi,-1
bagus,1
update malah tidak bisa buka after new application ca fix noted tidak orang milik financial beli handphone kejar android agar aplikasi bisa untuk sulit android yg,-1
tidak muas,-1
error tross gua masuk mall gimana,-1
fitur lengkap ada fitur utk hapus akun ada akun yg dobel app bisa guna utk keluarga tidak tiap anggota keluarga scan,-1
otp tidak kirim,-1
crash,-1
saat vaksin dan dua salah masuk nomer hp saat daftar applikasi tidak bisa lihat sertifikat vaksin,0
oke,1
hampir sejak vaksin dan belum sertifikat vaksin tolong baik,-1
namany aplikasi mariberkomedi pedulilindungi versi susah versi susah biarin aj deh ya tidak biar anggap huni mall hahaha sih gps kan yang sedia qr untuk scan masuk bisa lengkap data lokasi untuk orang lokasi masa iya orang jakarta bisa mall surabaya kalo tidak di lokasi,0
gagal checkin semua sdh gps nyala sdh versi kuota tpi msh susah checkin,-1
tidak nomor nik nik salah baru meski milik sertifikat vaksinasi dua vaksin aplikasi ini tunjuk status merah yang tidak pasuk maksud jika tidak baru nom nik aplikasi untuk tegak aplikasi untuk pasuk,-1
kyknya performa servernya resource deh ganggu pas jam checkout gagal ui icon tolong ganti warna colok bikin pusing mata,-1
error gagal check in,-1
burukk udah vaksin tidak valid pas masukin sertivikat vaksin,-1
busuk loadingnya,-1
selamat di orde dunia budak,0
aplikasi bisa fungsi baik,1
ada alternatif vaksin tempat jadwal tidak sedia layan,0
update skrg tidak bisa masuk apk pedulilindungi notif error bagaimana kemenkes update utk sempurna kok rusak yg ada mgk baik ulang bbrp kali sblm dilaunch update nya,-1
ayo laporin aplikasi selalu on background selalu on gps tracking lokasi ijin,-1
otpnya tidak,-1
aplikasi enak pakai tampil tarik,1
boros baterai,-1
mau masuk aplikasi henti halaman bijak privasi ya sudah centang nyata tuju bijak privasi update sudah reinstall aplikasi tetap henti halaman bijak privasi,-1
buat ehac pilih airplaine ubah car,-1
apdet teu bisa buka,0
gimana tidak bisa checkout otomatis jam lupa checkout hari,0
updated malah bikin antem dgn security kantor mall tulis qt out of range tidak bisa cekin securitynya bener kalo tidak bisa cekin tidak kasih masuk terus bagaimana,-1
tidak tidak tidak tidak,-1
baik,1
tidak check out,-1
aplikasi parah masuk menu udah langsung kalo suruh pakai android os kenapa harus ada aplikasi jangan sulit,-1
wow tingkat aktual aplikasi perlu akses gps saat hanya butuh izin lokasi aplikasi di latar bagus ui bisa gelegar guna versi lebih tetapi saya aplikasi lebih responsif kurang macet belum akses catat vaksinasi sederhana kerja bagus,1
submenus di bahasa indonesia apa guna pilih bahasa inggris aplikasi masih beranta butuh revamp total,-1
daftar ke kemenkes lama tuju vaksinasi di singapura,-1
baik vaksinasi test langsung hasil saran baik akan tinggal lokasi pemberitahuan ketuk tombol dari lokasi belum dan lupa scan,0
indonesia butuh orang jujur stop tas tes fafifu sudah vaksin suruh test pcr bayar pergi aneh buat sertifikat vaksin,-1
nik masuk berulangkali tidak bisa input nomor handphone isi ehac crash unggah attachment hasil test,-1
gimana brulang x donlot tidak bisa buka aplikasi y stuck syarat tentu tolong donk baik biar smua rakyat indonesia bisa akses mudah,-1
ini tidak bisa masuk peduli lindung hape fujitsu,-1
bantu,1
ribet aplikasi praktis ditandatangani verifikasi sek sekarang hemat ben data wen iso buka selamat di aplikasi jano xg pie pi aplikasi,0
tolong kan aplikasi bagus mobilisasi tracking atur jalan tidak update rakyat bingung syarat atur jalan ubah rubah update regulasi jalan tidak akomodasi aplikasi sini new but,-1
oke,1
tidak cocok layar huawei tidak bisa klik tombol saya tuju pilih warga negara indonesia,-1
telah coba dari isi info guna aplikasi tetapi macet kali coba unggah hasil tes pcr dalam format pdf sila periksa baru aplikasi asap saya tidak masalah darat jakarta besok terimakasih kasih,-1
diupdate tidak bisa buka pedulilindungi has stoppes working,-1
gimana sih tidak bisa daftar login aplikasi tidak guna tp dipake gajelas aplikasi bener klo emg dipake orang,-1
account peduli lindung lupa checkout sekarang tidak bisa checkout jam tidak tereset otomatis coba hubungin call center email tera app tidak direspon harus hubung mana ya kalo gin,-1
tampil app peduli lindung beda sy instal bisa,0
tidak bisa check out bugnya,-1
coba aplikasi tidak bisa masuk tidak kemudian kata sayang pedulilindungi henti saya coba segar ponsel saya tetapi saya masih tidak bisa buka tolong baik,-1
tidak pindai,-1
halo kita tidak lihat id opsi android pilih id guna vaksinasi aplikasi iphone peduli,-1
aplikasi tempe,0
baru tidak hubung aplikasi,-1
bagus,1
data tidak update,-1
tidak otomatis check out tidak tombol periksa manual apa harus laku kita lupa periksa tidak periksa barcode aplikasi,-1
tidak tombol,0
aplikasi hebat,1
apk sekarang ribet y mudah yg kmrn,-1
email cert vaksin tuju sudah periksa hari hari halaman aplikasi masih kosong itu kerja orang asing plus laku tes pcr tunjuk hasil aplikasi,-1
tidak bisa buka abis update,-1
tidak bisa pakai susah pake app check in tulis deteksi lokasi padahal tidak pake fake gps nyalain lokasi buat lain sampe udah reset hpnya tidak bisa udah email pedulilindungi tidak respon,-1
freakin bahkan tidak bisa masuk yang hindar,0
manfaat pergi indonesia,1
abis update check out force close,-1
tidak bisa login,-1
aplikasi sekrup masuk lokasi tidak untuk coneact jirrrrr,0
tidak bisa checkout,-1
cape comppain sini ha tanggap buruk pernah,-1
versi yg terupdated pilih wni foreigner klik term and condition klik accept nya bagi hp tidak tidak bisa scroll untuk klik tombol accep nya,-1
tidak percaya,-1
tidak bisa checkout otomatis,-1
lihat tidak tidak smp old tidak iok lompat bawah scrolle tidak asik,0
susah orang mana make aplikasi aplikasi berat kalo buka tipikal aplikasi negeri,-1
tabrak,-1
yg jauh bagus dr,1
tidak bisa scan qr,-1
komit jaga masyarakat republik indonesia sistuasi pandemic endemic dgn baharu system sesuai sikon yg,0
anda anda gin,0
sering error butuh jaring internet,0
bagus,1
dingin,1
janji syarat namun tidak lewat halaman email anda ikan terus kembali saya,-1
versi tidak bisa checkout tolong bugnya baik,-1
tolong baik update versi aplikasi saya tidak bisa check out saat check in guna aplikasi versi nya lebih parah tidak bisa check in tempat karena status nya check out,-1
scan aja tidak,-1
jelek update tidak bisa check out gilir masuk tidak bisa tidak check out,-1
sangat aplikasi sangat buruk,-1
status warna aplikasi hitam padahal sudah tes antigen kunjung tidak ubah warna aplikasi sudah lapor email tidak tindaklanjut seperti hanya susah masyarakat,-1
hasil terimakasih kasih,1
sertifikat vaksin belum cuma terang sudah vaksin gimana dh kacao,-1
di update versi sama tidak bisa login,-1
ini cepat akurat tahan bahkan di tingkat kemamp annya,-1
usul buat yg sangkut terlalu dari lokasi,-1
oke,1
apk deformed,-1
busuk,-1
antarmuka guna buruk tingkat daerah hilang teks menu potong ponsel,-1
utk cek sertifikat sll nik sdh option nama emng nama bisa pake dr nik,0
oke,1
update tidak pilih check out device beberapa umum tidak sedia qr code check out tidak bisa scan jam tunggu tidak check out otomatis yang,-1
error mulu cek in susahhhhh butut lahhhh,-1
tidak masuk sekali guna tidak temu,-1
tidak bisa register tidak bisa login useless app,-1
boleh saran bisa unjung saat scan qr codenya bisa langsung check in tidak tekan check in check out telah scan qrnya jika lupa data yang masuk servernya akan salah terimakasih kasih,0
gagal login teruss wahh pegawai negeri,-1
aplikasi pintar,1
hari tidak bisa check in,-1
upgrade aplikasi jalan telah pilih menu warga negara muncul popup tuju bijak privasi di ceklist yg arti terima syarat aplikasi tidak respon tidak bisa masuk menu hp huawei,-1
app nya mana tidak karena tidak logout saya kunjung yg di telah nya tolong aplikasi,-1
lambat,-1
sertikat vaksin belum aplikasi agustus laly vaksin,-1
sudh masuk tp down apa hp merk xiaomi dari aplikasi tidak ngerti sdah kali kali spt jd syrat utama kmana mau kirim bukti screenshot kemna ya,0
saya vaksinasi kali saya milik dua harap saya tidak bisa pergi mal,0
sertifikat vaksin muncul jga pdhal dah vaksin tolong d bantu,-1
oke,1
udah vaksin ko data sertipikat belum padahal udah,-1
bagus,1
izin vaksin tgl kemaren waktu data no hp kirim vaksin guna nomor lama sdh tidak aktif teman lain link sertifikat yg kirim sms belum sms jadi cara link sertifikat tanda sdh vaksin nanya operator tempat vaksin sdh sistem tidak bisa meubah coba cari aplikasi peduli lindung saja saya isi data di peduli lindung tidak dapat sertifikat terimakasih kasih jawab,0
beri data update kait situasi kondisi dlm tangan,1
sangat bantu,1
joss mantap,1
enak ribetnya,0
bagus informasi lengkap,1
aplikasi,1
oke,1
bagus,1
aplikasi nya bagus,1
tidak bisa isi kolom tanggal lahir,-1
bagus,1
aplikasi mudah guna bantu utk kategori zona covid ada suatu wilayah peduli utk prokes tahu status vaksin tips cegah sebar covid,1
siip daah,1
mantap,1
oke,1
bantu,1
ok banger,1
guna baik,1
maksimal info,1
masuk aplikasi aga susah,-1
aplikasi bantu lihat update data satu wilayah,1
mantap,1
moga bantu,1
mantap,1
bantu,1
alhamdulillah sertifikat,1
oke,1
sudah vaksin copid tgl juni,0
mantap,1
aplikasi aplikasi tanya baru aj,0
guna,1
bagus,1
bagus,1
oke,1
bantu,1
serfikat seharisetelah vaksin mantap,1
bantu,1
oke,1
bagus bantu,1
alhamdulillah sertifikat kirim telpon langsung di proses saat juga sertifikat langsung muncul tidak nyampe terimakasih kasiih,1
bagus bantu banget,1
tolong baik kalo ada email akun x tolong beritahukan email pakai email ada akun sertifikat akun x akun z tidak bisa tolong baharu,0
vaksin anda lambat,0
saya tidak bisa akun ya,0
mantap,1
mantap,1
sngtt bgusss jouu,1
tampil ok bisa daftar sedia faskes yg sedia,0
vaksin insya allah sehat,1
sehat,1
aduh ko aplikasi pudulilindungi tidak bisa buka skalinya bisa buka nu ghu angka nemer ko tidak kirim ge mna saya bingung sama aplikasi,-1
manfaat ada adalah wajar masih dpt baik tingkat salam sehat,1
aplikasihnya bagus,1
bantu,1
mantap,1
mantab,1
oke,1
keren,1
manfaat,1
apk sangat sesuai banget bisa dap ngecek sertifikat vaksin,1
oke,1
laksana anjur perintah hidup sehat optimis covid segera berahir,0
bantu,1
terimakasih sertifikat vaksin kku dan bisa di unduh terimakasih untuk aplikasi pedulilindungi,1
bagus,1
bantu,1
baik,1
josse,1
ada,-1
joss mantap tenan,1
bagus,1
yg lebih baik,1
mantap harus update kluar sertifikat vaksin bainyg kluar sertifikat ni saran dr update aplikasi nya masuk daftar vaksin isi lg data nik nama andi tgu sebentar masuk sertifikat an sdh cetak yg mohon sabar ya,0
mudah akses jelas clear,1
muas terimakasih kasih,1
oke,1
aplikasi ny untuk menu serifikat vaksin kdg tidak bisa akses,-1
tidak ya mau,-1
oke,1
mantap,1
moga manfaat,1
baik,1
baik,1
bagus,1
bagus,1
oke mantap informasi cepat,1
oke,1
luar,1
manfaat aplikasi dapat mudah data vaksinasi,1
okeeee,1
tuju,1
bantu,1
update okeee kq,1
untuk simpan prokes,1
bagus,1
bantu,1
oke,1
bagus,1
corona lenyap,0
terimakasih,1
manfaat,1
istimewa banget,1
mau hp hilang gmna nya ngecek sertifikat,0
bagus,1
mantaaap,1
covid hilang,0
owraittttt,0
bagus,1
aplikasi sangat bagus,1
this aplication is nice and smart aplikasi sudah beri informasi ada zona lalu hp yg pakai,1
bagus biar segala urus,1
stabil aplikasi,1
patuh protikol kesehtn,1
sehat sehat sehat indonesia sehat love indonesia,0
suka halus,0
tanya suami sudah vaksin vaksin yg salah nomor solusi suami ada sertifikat terimakasih,0
baik guna guna seluler,0
salam sehat sellu smoga nya sukses sellu apl,1
bagus,1
cakep,1
aplikasi nya bagus kasih bintang mantap,1
aplikasi bagus nama aplikasi tingkat lanjut lebih mudah guna baik daftar saat log in,0
oke,1
good bantu,1
mantapp,1
aplikasi sangat bantu terimakasih pedulilindungi,1
bantu,1
bagus,1
bagus,1
aplikasi bantu terimakasih,1
bantu,1
sudah vaksin tahap tidak sertifikat vaksin baik via sms aplikasi harus laku apakah ada salah penginputan nomor bagaimana solusi,0
baik karena bantu tahu daerah bahaya tidak,1
oke,1
bagus,1
baik,1
jika lapor bug mi dianalisa aplikasi tidak bisa tampil sertifikat vaksinasi sudah selesai vaksinasi dosis,0
oke,1
bagus,1
sertifikat covid,0
aplikasi sangat bantu sya tahu covid seliruh indonesia,1
terimakasih kasih,1
aplikasi peduli lindung bantu banget aktivitas,1
bantu,1
mantap,1
bisa bantu,1
penting punya yahudi,0
manfaat,1
aplikasi keren,1
terimakasih kasih data valid jozzzzz butuh sertifikat vaksin link sms puskesmas hapus alkhamdulillah aplikasi bisa bantu yg bisa tunjuk daftar masuk nomor hp isi kode masuk nik moga manfaat,1
bantu,1
baik,1
bantu masyarakat ini,1
mantap bantu,1
udah vaksin jadwal vaksin lewat badan tidak fit kirain panggil ulang nyata tidak tolong info vaksin yg terimakasih,0
bagus data vaksin covid,1
oke,1
amga mermanpataat,1
bantu,1
bagus aq cinta,1
bagus tpi tidak fungsi,0
bagus,1
bagus,1
membntu,1
mantap mudah,1
bantu good,1
mudah,1
bantu cari info vaksin tentang covid,1
bagus informatip,1
guna,1
good job utk layan,1
vaksin saat belum sms pas q cek peduli lindung sdh sertifikat nya terimakasih sobat q baca koment pada keluh peduli lindung tidak masalah unduh sertifikat dftr nik dll klw ada mslh restart hp sobat,1
oke,1
what an improvement bantu banget aplikasi,1
bantu,1
mantep lsg bisa bukti,1
bantu skali,1
guna,1
oke,1
bantu,1
bagus,1
gps lanjut batere cepat lowbat,-1
oke,1
oke,1
baik,1
sudah vaksin dua tgl kok di krim sertifi,-1
bisa saji data lengkap ttg kembang sebar covid,0
kok lelet yaaa,0
dapat informasi yg penting guna aplikasi,1
keren,1
bagus,1
bagus,1
terimakasih kasih,1
gooddd,1
yuk tingkat yuk bakal indonesia download aplikasi jadi yg kuat rajin benah error semangat,0
tuju bijak perintah aplikasi pedulilindungi agar indonesian lebih baik,1
aplikasi bantu tapi perlu baik sistem data nik,0
oke,1
baik sangat bantu smgaa indonesia bisa pulih dn,1
oke,1
mah vaksin udah di,0
bantu lihat kondisi status,1
cetak sertifikat vaksin sms link ke hapus aplikasi sangat bantu yg buka apk buat nyari sertifikat vaksin nya klik tulis akun pojok kanan klik nama nanti gambar sertifikat nya tinggal unduh,1
ok bantu,1
ini baik terimakasih,1
sy angat bantu krn ad ay pedulilindung utk cegah wabah civid,1
sangat bantu laku kerja bagai warga negara apk goood,1
mudah lebih kontrol,1
oke,1
fsksin dpt sms nya ya biardpt sertifikasi nya,0
oke,1
jalan m patuh prokes,0
bik,1
moga bisa manfaat kita,1
oke,1
bagus,1
manfaat,1
oke,1
bantu,1
bagus,1
bantu,1
bantu,1
oke,1
muas,1
bagus gimana aktivinnya,0
bantu warga indonesia wajib punya aplikasi,1
bagus bgt,1
oke,1
ya allah ribet banget ya,-1
bantu tiap orang punya mobilitas,1
ada aplikasi sangat bantu hndk pergi suatu,1
bagus,1
bantu,1
tidak bisa buka tidak bisa baru payahbanget,-1
bagus banget,1
vaksin imun kuat kebal,1
vaksin masal moga akhir roda ekonomi bisa normal,1
bagus,1
baik,1
bantu,1
mantap,1
manfaat yg luar,1
bantu,1
mantap,1
mau tensi darah sampai gagal cape dg alhamdulillah yg hasil ayo vaksin lindung dan orang,0
mantap bantu ayo tingkat,1
bagus,1
mantap,1
oke,1
manfaat keluarga orang,1
ko udh kali baharu keluar aplikasi siy knph ya,-1
aplikasi bagus bngt,1
kerja baik,1
aplikasi sangat bantu,1
terimakasih,1
butuh pergi,1
kerja baik,1
saya vaksin kok timbul timbul sih data vaksin nya data semua udah belum ad tolong tindak penting nya data perintah kota,-1
mudah akses,1
aplikasi bisa tidak bisa cek sertifikat vaksin,-1
lama yg pakek aplikasi akan deteksi lacak heheheh saja pergi seru kayae,1
goodd,1
mantap tingkat mutu layan,1
aplikasi ada maju fungsi mesti,1
makasih pedulilindungi krn bantu pantau perkembngan covid,1
sulit laku,-1
aplikasi bantu,1
aplikasi yg bantu informasi,1
ndak aplikasi susah masuk mall,0
oke,1
bantu,1
bantu,1
bagus bantu,1
oke,1
bagus,1
tau yg resiko bisa sert fikat vaksinasi,1
bagus,1
bantu tingkat waspada ada tempat tuju,1
perlu peduli penting,1
mantap,1
oke,1
hp jalan lancar,1
tingkat utk sempurna,1
anak pasang aplikasi lindung pakai no telp kok ngakbisa alas no telp terdaftaf daftar bisa pake email kalo sms sertifikat sudah masuk terimakaaih,0
nusantara opt gagal kirim ganti angka nol terimakasih moga aplikasi dapat bantu putus sebar virus mati,0
sertifikat vaksin kga muncul,-1
smoga vaksin app jadi ladang sehat berkah,1
mantap,1
lumayan,1
aplikasi sangat untuk semua,1
mudah proses cek in,1
bantu,1
bantu,1
bagus,1
baik manfaat,1
mantab,1
oke,1
manfaat deteksi lokasi papar covid kita mengindari,1
terimakasih,1
isi tanggal lahir lelah,1
tau guna nya,1
lacak aman,1
okeh bisa masuk,1
bagus mantap aplikasi,1
bagus,1
baik bantu,1
bagus aplikasi nya,1
oke,1
mantap,1
oke,1
oke guna,1
aplikasi sangat bantu mengdapatkan sertifikat awal bingung pada saya hasil sertifikat vaksinya terimakasih kasih,1
bantu,1
bagus,1
tampil regristasi vaksin bisa regristasi vaksin keluarga istri anak bisa daftar ya untuk dapat vaksin,0
aplkasi mantaf masq pandemi,0
aplikasi mantap tanya ya daftar vaksin sdh dpt tiket lokasi faskes vaksin yg laku ya,0
istimewa,1
bantu,1
manfaat guna,1
mantab aman dach,1
baik tau daerah zona merah,1
manfaat,1
sertifikat vaksin belum,-1
goooooooood,1
mantap,1
oke,1
bagus,1
manfaat,1
bantu,1
oke bantu,1
bantu,1
keren,1
manfaat bantu utk kita ada zona aman zona merah,1
mantap,1
bagus,1
moga indonesia bisa baik,1
alhamdulillah puji gusti punya applikasi bisa bangga,1
bantu,1
bagus sangat manfaat,1
telah baharu aplk tidak bisa,1
bagus,1
baik,1
bantu info vaksin covid,1
oke,1
oke,1
bagus,1
cara hapus sertifikat vaksin mungkin vaksin salah input nomer telpon pake nomer telpon di akun jadi sangat mangganggu,0
oke bagus nice,1
oke,1
sy sdh sertifikat ko tidak muncul ya,-1
bantu,1
kerja baik,1
terimakasih kasih aplikasi nya,1
bisa msuk,1
mantap,1
bagus,1
okee,1
oke banget,1
vaksin x,0
bagus,1
baik,1
aplikasi lumayan lertama kali menit lngsung hasil,1
baik,1
aplikasi bagus cegah interaksi sebar covid,1
penting semu,1
okehhh,1
bagus,1
moga manfaat mari dukung,1
baik deteksi area yg papar,1
bagus,1
alhamdulillah moga semua lindung segala sakit salam sehat aamiin,1
manfaat u cek sertifikat terimakasih,1
bagussss,1
bantu,1
goodjob bantu,1
kalau bisa peta meping zona merah biar bisa yg masuk zona merah terimakasih,0
presisi,1
bagus lgs bisa cek vaksin,1
moga manfaat,1
bantu,1
penting pergi,1
maaf kalau selalu terang tidak komeksi internet signal ok mohon bantu,-1
bagus dan bantu,1
aplikasi dapat bantu sadar masyarakat perlu untung,1
oke,1
bagus,1
tes coba,1
bantu yuk saling peduli lindung bumi moga sehat,1
aplikasi fungsi baik guna sangat ramah,1
mantab,1
ba,1
bantu,1
ok bantu banget,1
simple tidak ribet kertas kluarin kartu tunjukin,1
kerja,1
bagus,1
mantap,1
udah vaksin,1
bagus,1
mantap,1
bagus,1
manfaat,1
manfaat,1
bantu,1
bagus mudah guna,1
oke,1
bagus,1
oke,1
oke mantap,1
bantu,1
oke,1
moga manfaat manusia,1
minta tolong ada kendala sertipikat vaksin belum bantu,-1
bantu kita ke luar kota naik pesawat,1
apk sangat bagus,1
aplikasi yg bantu,1
bantu,1
lebih baik jangan kalah app yg tidak yg di playstore,0
akses vaksin tidak padahal data masuk sudah du vaksin,-1
suka aplikasi,1
bantu,1
ok dukung,1
usaha bagus,1
oke mantap,1
terimakasih kasih ya,1
baik,1
bantu dan aplikasi sangat mudah guna,1
manfaat,1
bagus,1
tidak bisa buka sertifikat vaksin,-1
bantu,1
id,0
bagus bantu,1
bagus,1
bagus,1
manfaat,1
sy sdh vaksin x tp card nya nya tidak muncul tolong sy cetak kartu nya terimakasih kasih,-1
tgl sudah vaksin ko tidak sms masuk jadwal vaksin di aplikasi sertifikat nya di bantu,-1
simple praktis,1
bagus dn bantu,1
bagus,1
terimakasih,1
bagus,1
mudah lihat,1
bermangfaat ini aplikasi nya peduli lindungu,1
puas,1
bagus,1
deteksi mall bagus,1
bagus,1
ikhtiar moga maksimal tawakal,0
terimakasih kasih,1
bantu,1
terimakasih dgn pedulilindungi ini bisa waspada,1
telah update tidak bisa lihat sertifukat vaksin nya,-1
oke,1
pedulilindungi efektif memberika informasi berita daerah warna zonasi pedulilindungi filter bagi yg di vaksin dapat akses dapat leluasa beraktifitas akan sebar covid,1
mantap,1
masuk kondisional,0
tidak bisa buka,-1
mantap,1
bantu,1
puas,1
mantap,1
mantap,1
indonesia,0
mudah guna,1
bantu memgetahui situasi,1
bagus bantu,1
bantu,1
baru download aplikasi ketika login pemberitahuan sesi telah habis mohon login ulang mohon baik saya susah masuk tempat kalau tidak dapat login aplikasi pedulilindung,-1
masuk kali bahkan menit kode terima dari orang kumpul lobi tidak bisa masuk terimakasih kasih buat buang menit mungkin dari kami baik baik ini,-1
aplikasi aneh butuh ke logout pas login otpnya banget nyampe menit keluar pas diinput tidak valid kalo tau aplikasi tolong prioritas maintenance nya wajib pake apps tapi appsnya jelek apps anggar negara kayak gin payah,-1
tiap update log in sekarang log in pakai tidak masuk gimana dah ya,-1
error yah kak session abis paksa login ulang otp kirim session nyangkut kali paksa tunggu jam,-1
gimana si guna angkut verify otp fail pas coba malah suruh coba jam gimana sedang semua halte suruh scan barcode,-1
salah,-1
alam buruk otp tidak kirim kali akhir terima tetapi waktu sesi coba masuk lagi larang jam freakines sakit guna magang kembang aplikasi anda perintah serakah,-1
main unduh tidak tidak tidak bisa login aplikasi ambil oleout,-1
diksh menit masa laku sms otpnya pas log in ulang abis update versi aplikasi tapi smsnya nyampe lbh dr menit coba bahkan tidak sms otp please deh ngeselin ampe skrg bisa log in lg,-1
bandara app nya tidak bisa pakai ken kasar coba ulang kali kunci,-1
update app nya susah akses tibatiba logout verifikasi ulang sekali,-1
versi udah oke nyesel diupdate jd susah login abis login sesi udh abis verifikasi nomor sama parah banget lagnya turun kualitas banget tidak bisa masuk aplikasi tidak pakai aplikasi,-1
punya log out minta kode otp tidak kirim mana ngantri halte,-1
diupdate tidak bisa guna aplikasi diinstall ulang saja stak form tuju syarat tentu cepat baik sampai tunggu hari akan ubah bintang sudah normal terimakasih,-1
tidak bisa login sudah isi kode otp sesuai sms request tidak masuk jam lalu mohon segera baik ini untuk pergi guna ecek hasil tes,-1
update bagus tp songong banget sih bapak gua gitu malah tidak bisa log in kalo niat bikin aplikasi tuh yg benerr bikin susah warga aja aplagi yg krja di pabrik hari scan trus gimana ni anjirr anjir nyesel gua update anjiirrr benerin dah tuh aplikasi bikin resah doang gemees gue benerin yg bener,-1
updatenya bikin login susah kode otp bgt kirim,-1
aplikasi gagal qc harus mudah sulit usernya which tidak orang punya smartphone compitable aplikasi jadi aplikasi wajib mostly common place jujur aplikasi baik tuju baik tapi masalah development nya masih banyak baik upgrade moga developer bisa baik cacat thankyou,-1
server dibenarin ngurus masak anak magang melulu kelas app guna nasional kog kaya sampah logout login susah bener otp tidak bilang salahin sinyal user lancar server tuh malu malu cs kaga yang kalau tidak robot ya anak payah,-1
parah aplikasi error jangan diwajibin pakai aplikasi kalau aplikasi nya masih butut susah org,-1
logout tidak bisa login,-1
aplikasi bagus bantu saring orang sudah vaksin,1
